,date,season,home_team,away_team,home_pitcher,away_pitcher,home_pitcher_rgs,away_pitcher_rgs,home_score,away_score,compare_score,home_win,away_win,win_pitch_rgs,lose_pitch_rgs
45294,11/3/2001,2001,ARI,NYY,johnr005,Andy Pettitte,69.536,54.12,15,2,13,True,False,69.536,54.12
59742,10/21/1995,1995,ATL,CLE,maddg002,herso001,69.215,58.384,3,2,1,True,False,69.215,58.384
45298,10/28/2001,2001,ARI,NYY,johnr005,Andy Pettitte,68.325,53.618,4,0,4,True,False,68.325,53.618
114458,10/6/1968,1968,DET,STL,mclad101,gibsb101,58.493,67.392,1,10,-9,False,True,67.392,58.493
119333,10/14/1965,1965,MIN,LAD,kaatj101,koufs101,49.581,67.166,0,2,-2,False,True,67.166,49.581
45293,11/4/2001,2001,ARI,NYY,schic002,clemr001,66.928,59.013,3,2,1,True,False,66.928,59.013
953,10/27/2019,2019,WSN,HOU,Joe Ross,Gerrit Cole,49.433,66.891,1,7,-6,False,True,66.891,49.433
94668,10/13/1978,1978,NYY,LAD,guidr001,suttd001,66.53,51.601,5,1,4,True,False,66.53,51.601
119335,10/11/1965,1965,LAD,MIN,koufs101,kaatj101,66.328,50.593,7,0,7,True,False,66.328,50.593
114461,10/2/1968,1968,STL,DET,gibsb101,mclad101,66.285,59.169,4,0,4,True,False,66.285,59.169
45299,10/27/2001,2001,ARI,NYY,schic002,mussm001,65.948,62.771,9,1,8,True,False,65.948,62.771
157107,9/30/1936,1936,SFG,NYY,hubbc101,ruffr101,65.383,53.923,6,1,5,True,False,65.383,53.923
182801,10/8/1915,1915,PHI,BOS,alexg102,shore101,65.363,57.539,3,1,2,True,False,65.363,57.539
155858,10/10/1937,1937,SFG,NYY,meltc101,gomel102,55.903,65.006,2,4,-2,False,True,65.006,55.903
163284,10/1/1931,1931,STL,OAK,derrp101,grovl101,54.207,64.771,2,6,-4,False,True,64.771,54.207
57443,10/20/1996,1996,NYY,ATL,Andy Pettitte,smolj001,56.277,64.644,1,12,-11,False,True,64.644,56.277
155862,10/6/1937,1937,NYY,SFG,gomel102,hubbc101,64.387,57.632,8,1,7,True,False,64.387,57.632
159580,10/9/1934,1934,DET,STL,aukee101,deand102,54.581,64.336,0,11,-11,False,True,64.336,54.581
163279,10/9/1931,1931,STL,OAK,derrp101,grovl101,53.69,64.19,1,8,-7,False,True,64.19,53.69
3421,10/23/2018,2018,BOS,LAD,Chris Sale,Clayton Kershaw,64.089,56.629,8,4,4,True,False,64.089,56.629
159586,10/3/1934,1934,DET,STL,crowg102,deand102,49.099,64.007,3,8,-5,False,True,64.007,49.099
122596,10/6/1963,1963,LAD,NYY,koufs101,fordw101,63.523,55.538,2,1,1,True,False,63.523,55.538
160811,10/6/1933,1933,MIN,SFG,weavm101,hubbc101,54.286,63.393,1,2,-1,False,True,63.393,54.286
148432,10/11/1943,1943,STL,NYY,coopm101,chans101,59.579,63.067,0,2,-2,False,True,63.067,59.579
57442,10/21/1996,1996,NYY,ATL,key-j001,maddg002,55.277,63.006,0,4,-4,False,True,63.006,55.277
122599,10/2/1963,1963,NYY,LAD,fordw101,koufs101,56.71,62.96,2,5,-3,False,True,62.96,56.71
148436,10/5/1943,1943,NYY,STL,chans101,lanim101,62.79,57.275,4,2,2,True,False,62.79,57.275
30527,10/24/2007,2007,BOS,COL,Josh Beckett,Jeff Francis,62.775,56.459,13,1,12,True,False,62.775,56.459
149676,10/4/1942,1942,NYY,STL,boroh101,coopm101,52.337,62.656,6,9,-3,False,True,62.656,52.337
145947,10/10/1945,1945,CHC,DET,boroh101,newhh101,54.916,62.549,3,9,-6,False,True,62.549,54.916
78404,10/19/1986,1986,NYM,BOS,goodd001,clemr001,59.299,62.534,3,9,-6,False,True,62.534,59.299
160814,10/3/1933,1933,SFG,MIN,hubbc101,stewl101,62.495,52.432,4,2,2,True,False,62.495,52.432
5886,10/25/2017,2017,LAD,HOU,Rich Hill,Justin Verlander,55.944,62.376,6,7,-1,False,True,62.376,55.944
80528,10/19/1985,1985,KCR,STL,jackd001,tudoj001,52.698,62.354,1,3,-2,False,True,62.354,52.698
145949,10/7/1945,1945,CHC,DET,boroh101,newhh101,55.758,62.299,4,8,-4,False,True,62.299,55.758
80525,10/23/1985,1985,STL,KCR,tudoj001,blacb001,62.281,51.834,3,0,3,True,False,62.281,51.834
25606,11/1/2009,2009,PHI,NYY,Joe Blanton,CC Sabathia,52.135,62.219,4,7,-3,False,True,62.219,52.135
8352,10/29/2016,2016,CHC,CLE,John Lackey,Corey Kluber,55.514,62.12,2,7,-5,False,True,62.12,55.514
957,10/22/2019,2019,HOU,WSN,Gerrit Cole,Max Scherzer,67.997,61.808,4,5,-1,False,True,61.808,67.997
951,10/30/2019,2019,HOU,WSN,Zack Greinke,Max Scherzer,56.921,61.724,2,6,-4,False,True,61.724,56.921
164526,10/1/1930,1930,OAK,STL,grovl101,grimb101,61.65,55.53,5,2,3,True,False,61.65,55.53
90437,10/15/1980,1980,PHI,KCR,carls001,gural001,61.508,50.768,6,4,2,True,False,61.508,50.768
52679,10/17/1998,1998,NYY,SDP,welld001,browk001,61.473,67.444,9,6,3,True,False,61.473,67.444
25605,11/2/2009,2009,PHI,NYY,Cliff Lee,A.J. Burnett,61.387,56.379,8,6,2,True,False,61.387,56.379
8351,10/30/2016,2016,CHC,CLE,Jon Lester,Trevor Bauer,61.375,50.414,3,2,1,True,False,61.375,50.414
8355,10/25/2016,2016,CLE,CHC,Corey Kluber,Jon Lester,61.269,61.951,6,0,6,True,False,61.269,61.951
74159,10/20/1988,1988,OAK,LAD,davis001,herso001,46.919,61.191,2,5,-3,False,True,61.191,46.919
184047,10/13/1914,1914,ATL,OAK,rudod101,shawb102,61.178,49.603,3,1,2,True,False,61.178,49.603
37905,10/24/2004,2004,BOS,STL,schic002,morrm001,61.14,48.265,6,2,4,True,False,61.14,48.265
150907,10/2/1941,1941,NYY,LAD,chans101,wyatw101,54.869,61.121,2,3,-1,False,True,61.121,54.869
90433,10/21/1980,1980,PHI,KCR,carls001,galer001,61.004,49.9,4,1,3,True,False,61.004,49.9
176903,10/12/1920,1920,CLE,LAD,coves101,grimb101,60.668,54.376,3,0,3,True,False,60.668,54.376
52677,10/20/1998,1998,SDP,NYY,hitcs001,coned001,54.062,60.582,4,5,-1,False,True,60.582,54.062
45295,11/1/2001,2001,NYY,ARI,mussm001,batim001,60.549,51.543,3,2,1,True,False,60.549,51.543
8349,11/2/2016,2016,CLE,CHC,Corey Kluber,Kyle Hendricks,62.352,60.495,7,8,-1,False,True,60.495,62.352
145948,10/8/1945,1945,CHC,DET,passc101,trucv101,60.431,54.7,8,7,1,True,False,60.431,54.7
184050,10/9/1914,1914,OAK,ATL,bendc101,rudod101,55.61,60.407,1,7,-6,False,True,60.407,55.61
952,10/29/2019,2019,HOU,WSN,Justin Verlander,Stephen Strasburg,62.975,60.273,2,7,-5,False,True,60.273,62.975
956,10/23/2019,2019,HOU,WSN,Justin Verlander,Stephen Strasburg,63.846,60.259,3,12,-9,False,True,60.259,63.846
154633,10/6/1938,1938,CHC,NYY,deand102,gomel102,58.71,60.244,3,6,-3,False,True,60.244,58.71
158347,10/6/1935,1935,CHC,DET,warnl101,rowes101,60.218,60.882,3,1,2,True,False,60.218,60.882
144699,10/13/1946,1946,STL,BOS,brech101,harrm101,60.207,50.742,4,1,3,True,False,60.207,50.742
152154,10/7/1940,1940,CIN,DET,waltb102,rowes101,60.028,51.648,4,0,4,True,False,60.028,51.648
74162,10/16/1988,1988,LAD,OAK,herso001,davis001,59.964,48.342,6,0,6,True,False,59.964,48.342
144704,10/6/1946,1946,STL,BOS,pollh101,hught102,57.189,59.945,2,3,-1,False,True,59.945,57.189
25609,10/28/2009,2009,NYY,PHI,CC Sabathia,Cliff Lee,62.527,59.9,1,6,-5,False,True,59.9,62.527
176906,10/9/1920,1920,CLE,LAD,coves101,cadol101,59.822,52.54,5,1,4,True,False,59.822,52.54
28064,10/27/2008,2008,PHI,TBD,Cole Hamels,Scott Kazmir,59.784,53.611,4,3,1,True,False,59.784,53.611
28068,10/22/2008,2008,TBD,PHI,Scott Kazmir,Cole Hamels,53.871,59.669,2,3,-1,False,True,59.669,53.871
179272,9/9/1918,1918,BOS,CHC,ruthb101,tylel101,59.532,56.38,3,2,1,True,False,59.532,56.38
110547,10/10/1970,1970,CIN,BAL,nolag101,palmj001,54.625,59.411,3,4,-1,False,True,59.411,54.625
152158,10/3/1940,1940,CIN,DET,waltb102,rowes101,59.295,52.984,5,3,2,True,False,59.295,52.984
37904,10/26/2004,2004,STL,BOS,suppj001,martp001,50.167,59.276,1,4,-3,False,True,59.276,50.167
144703,10/7/1946,1946,STL,BOS,brech101,harrm101,59.225,50.438,3,0,3,True,False,59.225,50.438
170714,10/11/1925,1925,MIN,PIT,johnw102,yde-e101,59.179,48.925,4,0,4,True,False,59.179,48.925
158351,10/2/1935,1935,DET,CHC,rowes101,warnl101,60.219,59.158,0,3,-3,False,True,59.158,60.219
145951,10/5/1945,1945,DET,CHC,overs101,passc101,48.326,59.132,0,3,-3,False,True,59.132,48.326
159581,10/8/1934,1934,DET,STL,rowes101,deanp101,59.354,59.125,3,4,-1,False,True,59.125,59.354
176909,10/5/1920,1920,LAD,CLE,marqr102,coves101,52.436,59.117,1,3,-2,False,True,59.117,52.436
148435,10/6/1943,1943,NYY,STL,bonht101,coopm101,57.795,59.083,3,4,-1,False,True,59.083,57.795
180297,10/6/1917,1917,CHW,SFG,cicoe101,salls101,59.061,52.742,2,1,1,True,False,59.061,52.742
80522,10/27/1985,1985,KCR,STL,sabeb001,tudoj001,59.021,63.242,11,0,11,True,False,59.021,63.242
106720,10/15/1972,1972,CIN,OAK,grimr101,huntj101,49.786,58.998,1,2,-1,False,True,58.998,49.786
13279,10/26/2014,2014,SFG,KCR,Madison Bumgarner,James Shields,58.99,52.899,5,0,5,True,False,58.99,52.899
147185,10/8/1944,1944,BAL,STL,galed101,coopm101,55.61,58.936,0,2,-2,False,True,58.936,55.61
116087,10/12/1967,1967,BOS,STL,lonbj101,gibsb101,56.289,58.929,2,7,-5,False,True,58.929,56.289
5887,10/24/2017,2017,LAD,HOU,Clayton Kershaw,Dallas Keuchel,58.855,56.372,3,1,2,True,False,58.855,56.372
125848,10/8/1961,1961,CIN,NYY,otooj101,fordw101,55.907,58.851,0,7,-7,False,True,58.851,55.907
163281,10/6/1931,1931,OAK,STL,earng101,johns101,58.849,56.577,3,0,3,True,False,58.849,56.577
112499,10/15/1969,1969,NYM,BAL,seavt001,cuelm101,58.848,59.111,2,1,1,True,False,58.848,59.111
179275,9/5/1918,1918,CHC,BOS,vaugh101,ruthb101,57.515,58.848,0,1,-1,False,True,58.848,57.515
57441,10/22/1996,1996,ATL,NYY,glavt001,coned001,59.337,58.82,2,5,-3,False,True,58.82,59.337
179270,9/11/1918,1918,BOS,CHC,maysc101,tylel101,58.704,56.331,2,1,1,True,False,58.704,56.331
129774,10/2/1958,1958,ATL,NYY,burdl101,turlb101,58.672,53.702,13,5,8,True,False,58.672,53.702
69920,10/20/1990,1990,OAK,CIN,stewd001,rijoj001,57.557,58.621,1,2,-1,False,True,58.621,57.557
120963,10/15/1964,1964,STL,NYY,gibsb101,stotm101,58.585,53.706,7,5,2,True,False,58.585,53.706
112502,10/11/1969,1969,BAL,NYM,cuelm101,seavt001,58.568,59.662,4,1,3,True,False,58.568,59.662
23146,10/27/2010,2010,SFG,TEX,Tim Lincecum,Cliff Lee,58.564,63.401,11,7,4,True,False,58.564,63.401
13283,10/21/2014,2014,KCR,SFG,James Shields,Madison Bumgarner,54.288,58.533,1,7,-6,False,True,58.533,54.288
50220,10/23/1999,1999,ATL,NYY,maddg002,herno001,57.072,58.492,1,4,-3,False,True,58.492,57.072
59738,10/26/1995,1995,CLE,ATL,herso001,maddg002,58.477,70.266,5,4,1,True,False,58.477,70.266
40365,10/25/2003,2003,NYY,FLA,Andy Pettitte,Josh Beckett,55.826,58.428,0,2,-2,False,True,58.428,55.826
138475,10/8/1951,1951,SFG,NYY,magls101,reyna102,58.046,58.401,2,6,-4,False,True,58.401,58.046
154631,10/9/1938,1938,NYY,CHC,ruffr101,lee-b103,58.4,57.311,8,3,5,True,False,58.4,57.311
155861,10/7/1937,1937,NYY,SFG,ruffr101,meltc101,58.399,55.908,8,1,7,True,False,58.399,55.908
159584,10/5/1934,1934,STL,DET,deanp101,bridt101,58.381,58.646,4,1,3,True,False,58.381,58.646
179271,9/10/1918,1918,BOS,CHC,jones104,vaugh101,52.506,58.35,0,3,-3,False,True,58.35,52.506
96783,10/15/1977,1977,LAD,NYY,rau-d101,guidr001,53.146,58.29,2,4,-2,False,True,58.29,53.146
179273,9/7/1918,1918,CHC,BOS,vaugh101,maysc101,58.0,58.249,1,2,-1,False,True,58.249,58.0
67800,10/23/1991,1991,ATL,MIN,smolj001,morrj001,58.238,56.676,3,2,1,True,False,58.238,56.676
138474,10/9/1951,1951,SFG,NYY,jansl101,lopae101,60.457,58.235,1,13,-12,False,True,58.235,60.457
32985,10/24/2006,2006,STL,DET,carpc002,roben001,58.223,52.107,5,0,5,True,False,58.223,52.107
182799,10/11/1915,1915,BOS,PHI,leond102,alexg102,58.21,65.629,2,1,1,True,False,58.21,65.629
181548,10/9/1916,1916,BOS,LAD,ruthb101,smits102,58.196,49.912,2,1,1,True,False,58.196,49.912
140963,10/6/1949,1949,NYY,LAD,rascv101,roe-p101,52.155,58.179,0,1,-1,False,True,58.179,52.155
129770,10/8/1958,1958,ATL,NYY,spahw101,fordw101,59.022,58.148,3,4,-1,False,True,58.148,59.022
45297,10/30/2001,2001,NYY,ARI,clemr001,andeb002,58.138,45.241,2,1,1,True,False,58.138,45.241
168233,10/5/1927,1927,PIT,NYY,kremr101,hoytw101,59.539,58.136,4,5,-1,False,True,58.136,59.539
69923,10/16/1990,1990,CIN,OAK,rijoj001,stewd001,58.135,59.068,7,0,7,True,False,58.135,59.068
137230,10/4/1952,1952,NYY,LAD,reyna102,blacj103,58.108,48.615,2,0,2,True,False,58.108,48.615
59737,10/28/1995,1995,ATL,CLE,glavt001,martd001,58.103,58.111,1,0,1,True,False,58.103,58.111
135985,10/1/1953,1953,NYY,LAD,lopae101,roe-p101,58.015,50.915,4,2,2,True,False,58.015,50.915
59741,10/22/1995,1995,ATL,CLE,glavt001,martd001,57.984,58.977,4,3,1,True,False,57.984,58.977
80526,10/22/1985,1985,STL,KCR,anduj001,sabeb001,47.518,57.981,1,6,-5,False,True,57.981,47.518
86885,10/20/1982,1982,STL,MIL,anduj001,vuckp001,57.952,50.623,6,3,3,True,False,57.952,50.623
116090,10/8/1967,1967,STL,BOS,gibsb101,santj101,57.932,47.882,6,0,6,True,False,57.932,47.882
132257,10/6/1956,1956,NYY,LAD,fordw101,crair101,57.929,49.572,5,3,2,True,False,57.929,49.572
72039,10/28/1989,1989,SFG,OAK,robid001,moorm001,50.885,57.917,6,9,-3,False,True,57.917,50.885
65675,10/20/1992,1992,TOR,ATL,guzmj003,avers001,57.901,51.903,3,2,1,True,False,57.901,51.903
47760,10/22/2000,2000,NYY,NYM,clemr001,hampm001,57.878,59.616,6,5,1,True,False,57.878,59.616
3419,10/26/2018,2018,LAD,BOS,Walker Buehler,Rick Porcello,57.869,51.146,3,2,1,True,False,57.869,51.146
102799,10/15/1974,1974,OAK,LAD,huntj101,downa101,57.858,47.889,3,2,1,True,False,57.858,47.889
175669,10/10/1921,1921,SFG,NYY,nehfa101,hoytw101,55.342,57.848,1,3,-2,False,True,57.848,55.342
170717,10/7/1925,1925,PIT,MIN,meadl101,johnw102,54.055,57.828,1,4,-3,False,True,57.828,54.055
8350,11/1/2016,2016,CLE,CHC,Josh Tomlin,Jake Arrieta,51.985,57.827,3,9,-6,False,True,57.827,51.985
162044,9/28/1932,1932,NYY,CHC,ruffr101,bushg101,57.816,53.05,12,6,6,True,False,57.816,53.05
159582,10/7/1934,1934,STL,DET,deand102,bridt101,64.27,57.814,1,3,-2,False,True,57.814,64.27
153397,10/7/1939,1939,CIN,NYY,thomj102,gomel102,52.123,57.781,3,7,-4,False,True,57.781,52.123
169471,10/9/1926,1926,NYY,STL,shawb102,alexg102,51.261,57.747,2,10,-8,False,True,57.747,51.261
23142,11/1/2010,2010,TEX,SFG,Cliff Lee,Tim Lincecum,61.87,57.711,1,3,-2,False,True,57.711,61.87
152155,10/6/1940,1940,DET,CIN,newsb101,thomj102,57.672,52.195,8,0,8,True,False,57.672,52.195
120965,10/12/1964,1964,NYY,STL,stotm101,gibsb101,53.25,57.669,2,5,-3,False,True,57.669,53.25
133505,9/28/1955,1955,NYY,LAD,fordw101,newcd101,57.666,52.216,6,5,1,True,False,57.666,52.216
184049,10/10/1914,1914,OAK,ATL,plane101,jameb102,51.722,57.651,0,1,-1,False,True,57.651,51.722
154634,10/5/1938,1938,CHC,NYY,lee-b103,ruffr101,56.928,57.631,1,3,-2,False,True,57.631,56.928
159585,10/4/1934,1934,DET,STL,rowes101,hallb104,57.583,48.881,3,2,1,True,False,57.583,48.881
153399,10/4/1939,1939,NYY,CIN,ruffr101,derrp101,57.549,57.77,2,1,1,True,False,57.549,57.77
35445,10/22/2005,2005,CHW,HOU,contj002,clemr001,57.535,58.644,5,3,2,True,False,57.535,58.644
84766,10/12/1983,1983,BAL,PHI,boddm001,hudsc001,57.526,51.343,4,1,3,True,False,57.526,51.343
129772,10/5/1958,1958,NYY,ATL,fordw101,spahw101,58.047,57.495,0,3,-3,False,True,57.495,58.047
78401,10/23/1986,1986,BOS,NYM,hursb001,goodd001,57.492,57.803,4,2,2,True,False,57.492,57.803
40368,10/21/2003,2003,FLA,NYY,Josh Beckett,mussm001,57.481,57.482,1,6,-5,False,True,57.482,57.481
180294,10/11/1917,1917,SFG,CHW,schuf102,faber101,57.471,50.659,5,0,5,True,False,57.471,50.659
129775,10/1/1958,1958,ATL,NYY,spahw101,fordw101,57.447,57.845,4,3,1,True,False,57.447,57.845
182798,10/12/1915,1915,BOS,PHI,shore101,chalg101,57.439,51.711,2,1,1,True,False,57.439,51.711
134742,9/30/1954,1954,SFG,CLE,antoj103,wynne101,57.419,59.272,3,1,2,True,False,57.419,59.272
92558,10/10/1979,1979,BAL,PIT,flanm001,kisob001,57.356,51.411,5,4,1,True,False,57.356,51.411
131014,10/6/1957,1957,ATL,NYY,spahw101,sturt101,57.342,56.653,7,5,2,True,False,57.342,56.653
8354,10/26/2016,2016,CLE,CHC,Trevor Bauer,Jake Arrieta,50.619,57.32,1,5,-4,False,True,57.32,50.619
138477,10/5/1951,1951,NYY,SFG,lopae101,jansl101,57.315,60.147,3,1,2,True,False,57.315,60.147
72041,10/15/1989,1989,OAK,SFG,moorm001,reusr001,57.284,50.34,5,1,4,True,False,57.284,50.34
137228,10/6/1952,1952,LAD,NYY,loesb101,rascv101,51.259,57.25,2,3,-1,False,True,57.25,51.259
137227,10/7/1952,1952,LAD,NYY,blacj103,lopae101,49.004,57.228,2,4,-2,False,True,57.228,49.004
50217,10/27/1999,1999,NYY,ATL,clemr001,smolj001,57.221,59.699,4,1,3,True,False,57.221,59.699
15741,10/27/2013,2013,STL,BOS,Lance Lynn,Clay Buchholz,50.079,57.215,2,4,-2,False,True,57.215,50.079
1,10/25/2020,2020,TBD,LAD,Tyler Glasnow,Clayton Kershaw,52.967,57.215,2,4,-2,False,True,57.215,52.967
125851,10/4/1961,1961,NYY,CIN,fordw101,otooj101,57.203,56.192,2,0,2,True,False,57.203,56.192
124219,10/16/1962,1962,SFG,NYY,sanfj101,terrr101,53.302,57.193,0,1,-1,False,True,57.193,53.302
76281,10/17/1987,1987,MIN,STL,violf001,magrj001,57.191,51.802,10,1,9,True,False,57.191,51.802
89010,10/23/1981,1981,LAD,NYY,valef001,righd001,57.161,57.671,5,4,1,True,False,57.161,57.671
42839,10/19/2002,2002,ANA,SFG,washj001,schmj001,57.028,57.157,3,4,-1,False,True,57.157,57.028
152159,10/2/1940,1940,CIN,DET,derrp101,newsb101,56.279,57.131,2,7,-5,False,True,57.131,56.279
65673,10/22/1992,1992,TOR,ATL,morrj001,smolj001,53.952,57.127,2,7,-5,False,True,57.127,53.952
955,10/25/2019,2019,WSN,HOU,Anibal Sanchez,Zack Greinke,54.036,57.097,1,4,-3,False,True,57.097,54.036
104758,10/17/1973,1973,NYM,OAK,matlj101,holtk101,57.033,53.127,6,1,5,True,False,57.033,53.127
86889,10/15/1982,1982,MIL,STL,vuckp001,anduj001,51.006,57.028,2,6,-4,False,True,57.028,51.006
114456,10/9/1968,1968,STL,DET,washr101,mclad101,52.12,57.014,1,13,-12,False,True,57.014,52.12
52678,10/18/1998,1998,NYY,SDP,herno001,ashba002,56.982,51.331,9,3,6,True,False,56.982,51.331
116093,10/4/1967,1967,BOS,STL,santj101,gibsb101,47.628,56.978,1,2,-1,False,True,56.978,47.628
155859,10/9/1937,1937,SFG,NYY,hubbc101,hadlb101,56.936,47.416,7,3,4,True,False,56.936,47.416
150906,10/4/1941,1941,LAD,NYY,fitzf101,russm101,53.671,56.902,1,2,-1,False,True,56.902,53.671
133500,10/3/1955,1955,NYY,LAD,fordw101,spook101,56.889,49.276,5,1,4,True,False,56.889,49.276
166995,10/9/1928,1928,STL,NYY,sherb101,hoytw101,56.737,56.873,3,7,-4,False,True,56.873,56.737
125847,10/9/1961,1961,CIN,NYY,jay-j101,terrr101,52.182,56.805,5,13,-8,False,True,56.805,52.182
185310,10/8/1913,1913,OAK,SFG,plane101,mathc102,50.419,56.797,0,3,-3,False,True,56.797,50.419
142210,10/6/1948,1948,ATL,CLE,sainj101,fellb101,56.792,57.091,1,0,1,True,False,56.792,57.091
112498,10/16/1969,1969,NYM,BAL,koosj001,mcnad102,56.752,54.404,5,3,2,True,False,56.752,54.404
165764,10/9/1929,1929,CHC,OAK,malop103,earng101,58.07,56.732,3,9,-6,False,True,56.732,58.07
5,10/20/2020,2020,LAD,TBD,Clayton Kershaw,Tyler Glasnow,56.73,53.858,8,3,5,True,False,56.73,53.858
15740,10/28/2013,2013,STL,BOS,Adam Wainwright,Jon Lester,58.243,56.699,1,3,-2,False,True,56.699,58.243
67797,10/27/1991,1991,MIN,ATL,morrj001,smolj001,56.698,58.622,1,0,1,True,False,56.698,58.622
142205,10/11/1948,1948,ATL,CLE,voisb101,lemob101,47.707,56.641,3,4,-1,False,True,56.641,47.707
125849,10/7/1961,1961,CIN,NYY,purkb101,stafb101,51.629,56.622,2,3,-1,False,True,56.622,51.629
124221,10/10/1962,1962,NYY,SFG,terrr101,sanfj101,56.602,52.911,5,3,2,True,False,56.602,52.911
78405,10/18/1986,1986,NYM,BOS,darlr001,hursb001,53.956,56.589,0,1,-1,False,True,56.589,53.956
42835,10/24/2002,2002,SFG,ANA,schmj001,washj001,56.562,56.286,16,4,12,True,False,56.562,56.286
175672,10/6/1921,1921,NYY,SFG,hoytw101,nehfa101,56.533,54.839,3,0,3,True,False,56.533,54.839
102800,10/13/1974,1974,LAD,OAK,suttd001,bluev001,56.497,54.614,3,2,1,True,False,56.497,54.614
76275,10/25/1987,1987,MIN,STL,violf001,magrj001,56.497,50.667,4,2,2,True,False,56.497,50.667
84767,10/11/1983,1983,BAL,PHI,mcgrs001,dennj001,52.764,56.464,1,2,-1,False,True,56.464,52.764
96782,10/16/1977,1977,LAD,NYY,suttd001,gulld101,56.454,54.144,10,4,6,True,False,56.454,54.144
67803,10/19/1991,1991,MIN,ATL,morrj001,leibc001,56.434,52.591,5,2,3,True,False,56.434,52.591
23145,10/28/2010,2010,SFG,TEX,Matt Cain,C.J. Wilson,56.432,54.043,9,0,9,True,False,56.432,54.043
175666,10/13/1921,1921,NYY,SFG,hoytw101,nehfa101,58.487,56.43,0,1,-1,False,True,56.43,58.487
35444,10/23/2005,2005,CHW,HOU,Mark Buehrle,Andy Pettitte,56.409,59.622,7,6,1,True,False,56.409,59.622
78400,10/25/1986,1986,NYM,BOS,ojedb001,clemr001,56.399,61.503,6,5,1,True,False,56.399,61.503
96785,10/12/1977,1977,NYY,LAD,huntj101,hootb001,48.244,56.374,1,6,-5,False,True,56.374,48.244
135984,10/2/1953,1953,LAD,NYY,erskc101,rascv101,56.343,57.7,3,2,1,True,False,56.343,57.7
108596,10/11/1971,1971,BAL,PIT,palmj001,johnb103,56.339,50.535,11,3,8,True,False,56.339,50.535
32986,10/22/2006,2006,DET,STL,rogek001,weavj002,56.332,47.579,3,1,2,True,False,56.332,47.579
163280,10/7/1931,1931,OAK,STL,hoytw101,hallb104,46.379,56.318,1,5,-4,False,True,56.318,46.379
139720,10/5/1950,1950,PHI,NYY,rober102,reyna102,58.201,56.31,1,2,-1,False,True,56.31,58.201
169475,10/3/1926,1926,NYY,STL,shocu101,alexg102,53.983,56.291,2,6,-4,False,True,56.291,53.983
63390,10/16/1993,1993,TOR,PHI,guzmj003,schic002,56.291,55.295,8,5,3,True,False,56.291,55.295
178145,10/8/1919,1919,CIN,CHW,salls101,cicoe101,54.028,56.272,1,4,-3,False,True,56.272,54.028
132258,10/5/1956,1956,LAD,NYY,newcd101,larsd102,56.272,53.947,13,8,5,True,False,56.272,53.947
132259,10/3/1956,1956,LAD,NYY,magls101,fordw101,56.253,59.493,6,3,3,True,False,56.253,59.493
164521,10/8/1930,1930,OAK,STL,earng101,hallb104,56.239,56.973,7,1,6,True,False,56.239,56.973
179274,9/6/1918,1918,CHC,BOS,tylel101,bushj102,56.238,54.626,3,1,2,True,False,56.238,54.626
142208,10/8/1948,1948,CLE,ATL,bearg102,bickv101,56.227,51.277,2,0,2,True,False,56.227,51.277
92552,10/17/1979,1979,BAL,PIT,mcgrs001,bibbj001,55.912,56.189,1,4,-3,False,True,56.189,55.912
158346,10/7/1935,1935,DET,CHC,bridt101,frenl101,56.177,56.829,4,3,1,True,False,56.177,56.829
147186,10/7/1944,1944,BAL,STL,jakus101,brech101,48.315,56.16,1,5,-4,False,True,56.16,48.315
67799,10/24/1991,1991,ATL,MIN,glavt001,tapak001,56.146,55.012,14,5,9,True,False,56.146,55.012
65676,10/18/1992,1992,ATL,TOR,smolj001,coned001,56.837,56.121,4,5,-1,False,True,56.121,56.837
110545,10/13/1970,1970,BAL,CIN,mcnad102,clont101,56.091,47.148,9,3,6,True,False,56.091,47.148
100851,10/21/1975,1975,BOS,CIN,tianl101,nolag101,56.091,52.421,7,6,1,True,False,56.091,52.421
100853,10/15/1975,1975,CIN,BOS,normf101,tianl101,51.24,56.09,4,5,-1,False,True,56.09,51.24
138473,10/10/1951,1951,NYY,SFG,rascv101,kosld101,56.045,50.664,4,3,1,True,False,56.045,50.664
20675,10/28/2011,2011,STL,TEX,carpc002,Matt Harrison,56.043,51.746,6,2,4,True,False,56.043,51.746
137232,10/2/1952,1952,LAD,NYY,erskc101,rascv101,52.026,56.031,1,7,-6,False,True,56.031,52.026
20681,10/19/2011,2011,STL,TEX,carpc002,C.J. Wilson,56.018,54.222,3,2,1,True,False,56.018,54.222
142209,10/7/1948,1948,ATL,CLE,spahw101,lemob101,53.988,56.014,1,4,-3,False,True,56.014,53.988
170711,10/15/1925,1925,PIT,MIN,aldrv101,johnw102,56.013,60.147,9,7,2,True,False,56.013,60.147
169472,10/7/1926,1926,STL,NYY,sherb101,pennh101,54.416,56.01,2,3,-1,False,True,56.01,54.416
108592,10/16/1971,1971,BAL,PIT,palmj001,moosb101,56.01,46.766,3,2,1,True,False,56.01,46.766
124225,10/4/1962,1962,SFG,NYY,odelb101,fordw101,53.53,56.008,2,6,-4,False,True,56.008,53.53
139721,10/4/1950,1950,PHI,NYY,konsj101,rascv101,47.976,55.999,0,1,-1,False,True,55.999,47.976
152157,10/4/1940,1940,DET,CIN,bridt101,turnj102,55.973,53.943,7,4,3,True,False,55.973,53.943
3,10/23/2020,2020,TBD,LAD,Charlie Morton,Walker Buehler,57.971,55.938,2,6,-4,False,True,55.938,57.971
50219,10/24/1999,1999,ATL,NYY,millk004,coned001,62.848,55.922,2,7,-5,False,True,55.922,62.848
5883,10/29/2017,2017,HOU,LAD,Dallas Keuchel,Clayton Kershaw,55.92,59.647,13,12,1,True,False,55.92,59.647
3417,10/28/2018,2018,LAD,BOS,Clayton Kershaw,David Price,55.72,55.904,1,5,-4,False,True,55.904,55.72
164524,10/4/1930,1930,STL,OAK,hallb104,walbr101,55.901,52.175,5,0,5,True,False,55.901,52.175
152153,10/8/1940,1940,CIN,DET,derrp101,newsb101,55.898,59.175,2,1,1,True,False,55.898,59.175
5882,10/31/2017,2017,LAD,HOU,Rich Hill,Justin Verlander,55.895,61.875,3,1,2,True,False,55.895,61.875
100850,10/22/1975,1975,BOS,CIN,lee-b101,gulld101,50.769,55.892,3,4,-1,False,True,55.892,50.769
72040,10/27/1989,1989,SFG,OAK,garrs001,stewd001,53.051,55.891,7,13,-6,False,True,55.891,53.051
168231,10/7/1927,1927,NYY,PIT,pennh101,meadl101,55.886,53.762,8,1,7,True,False,55.886,53.762
94669,10/11/1978,1978,LAD,NYY,hootb001,huntj101,55.885,49.609,4,3,1,True,False,55.885,49.609
173184,10/15/1923,1923,SFG,NYY,nehfa101,pennh101,52.748,55.871,4,6,-2,False,True,55.871,52.748
170713,10/12/1925,1925,MIN,PIT,coves101,aldrv101,56.522,55.829,3,6,-3,False,True,55.829,56.522
182797,10/13/1915,1915,PHI,BOS,mayee101,fostr103,52.587,55.754,4,5,-1,False,True,55.754,52.587
166998,10/4/1928,1928,NYY,STL,hoytw101,sherb101,55.752,56.389,4,1,3,True,False,55.752,56.389
158350,10/3/1935,1935,DET,CHC,bridt101,rootc101,55.697,52.053,8,3,5,True,False,55.697,52.053
78403,10/21/1986,1986,BOS,NYM,boydo001,ojedb001,52.048,55.691,1,7,-6,False,True,55.691,52.048
112501,10/12/1969,1969,BAL,NYM,mcnad102,koosj001,53.938,55.637,1,2,-1,False,True,55.637,53.938
178144,10/9/1919,1919,CHW,CIN,willl104,elleh101,53.133,55.634,5,10,-5,False,True,55.634,53.133
30526,10/25/2007,2007,BOS,COL,schic002,Ubaldo Jimenez,55.629,53.016,2,1,1,True,False,55.629,53.016
176908,10/6/1920,1920,LAD,CLE,grimb101,bagbj101,55.622,55.665,3,0,3,True,False,55.622,55.665
160810,10/7/1933,1933,MIN,SFG,crowg102,schuh103,53.334,55.61,3,4,-1,False,True,55.61,53.334
128528,10/4/1959,1959,LAD,CHW,drysd101,donod101,55.544,51.515,3,1,2,True,False,55.544,51.515
173186,10/13/1923,1923,SFG,NYY,scotj101,shawb102,52.216,55.539,4,8,-4,False,True,55.539,52.216
147184,10/9/1944,1944,STL,BAL,lanim101,pottn102,55.532,57.036,3,1,2,True,False,55.532,57.036
173188,10/11/1923,1923,SFG,NYY,mcquh101,pennh101,51.56,55.489,2,4,-2,False,True,55.489,51.56
15744,10/23/2013,2013,BOS,STL,Jon Lester,Adam Wainwright,55.428,58.769,8,1,7,True,False,55.428,58.769
92556,10/12/1979,1979,PIT,BAL,candj001,mcgrs001,54.913,55.377,4,8,-4,False,True,55.377,54.913
18208,10/28/2012,2012,DET,SFG,Max Scherzer,Matt Cain,57.608,55.364,3,4,-1,False,True,55.364,57.608
3420,10/24/2018,2018,BOS,LAD,David Price,Hyun-Jin Ryu,55.36,51.917,4,2,2,True,False,55.36,51.917
155860,10/8/1937,1937,SFG,NYY,schuh103,pearm101,52.482,55.356,1,5,-4,False,True,55.356,52.482
147187,10/6/1944,1944,BAL,STL,kramj101,wilkt101,55.355,54.82,6,2,4,True,False,55.355,54.82
128530,10/1/1959,1959,CHW,LAD,wynne101,crair101,55.344,54.668,11,0,11,True,False,55.344,54.668
150904,10/6/1941,1941,LAD,NYY,wyatw101,bonht101,61.218,55.332,1,3,-2,False,True,55.332,61.218
23144,10/30/2010,2010,TEX,SFG,Colby Lewis,Jonathan Sanchez,55.318,54.186,4,2,2,True,False,55.318,54.186
28067,10/23/2008,2008,TBD,PHI,James Shields,Brett Myers,55.302,52.522,4,2,2,True,False,55.302,52.522
170716,10/8/1925,1925,PIT,MIN,aldrv101,coves101,55.281,56.389,3,2,1,True,False,55.281,56.389
65672,10/24/1992,1992,ATL,TOR,avers001,coned001,52.688,55.278,3,4,-1,False,True,55.278,52.688
147188,10/5/1944,1944,STL,BAL,lanim101,pottn102,55.236,56.807,3,2,1,True,False,55.236,56.807
131015,10/5/1957,1957,ATL,NYY,buhlb101,turlb101,52.424,55.231,3,12,-9,False,True,55.231,52.424
25608,10/29/2009,2009,NYY,PHI,A.J. Burnett,martp001,55.224,50.794,3,1,2,True,False,55.224,50.794
176905,10/10/1920,1920,CLE,LAD,bagbj101,grimb101,55.207,56.325,8,1,7,True,False,55.207,56.325
116089,10/9/1967,1967,STL,BOS,carls001,lonbj101,52.913,55.201,1,3,-2,False,True,55.201,52.913
185308,10/10/1913,1913,OAK,SFG,bendc101,demaa101,55.194,54.901,6,5,1,True,False,55.194,54.901
185311,10/7/1913,1913,SFG,OAK,marqr102,bendc101,58.223,55.141,4,6,-2,False,True,55.141,58.223
78399,10/27/1986,1986,NYM,BOS,darlr001,hursb001,55.129,57.887,8,5,3,True,False,55.129,57.887
171950,10/6/1924,1924,SFG,MIN,mcquh101,marbf101,55.128,50.024,6,4,2,True,False,55.128,50.024
127288,10/5/1960,1960,PIT,NYY,law-v101,ditma101,55.125,51.921,6,4,2,True,False,55.125,51.921
152156,10/5/1940,1940,DET,CIN,troud101,derrp101,50.632,55.079,2,5,-3,False,True,55.079,50.632
135986,9/30/1953,1953,NYY,LAD,reyna102,erskc101,55.039,57.492,9,5,4,True,False,55.039,57.492
89012,10/20/1981,1981,NYY,LAD,guidr001,reusj001,55.028,54.653,5,3,2,True,False,55.028,54.653
67801,10/22/1991,1991,ATL,MIN,avers001,erics001,55.018,51.329,5,4,1,True,False,55.018,51.329
160813,10/4/1933,1933,SFG,MIN,schuh103,crowg102,55.001,54.401,6,1,5,True,False,55.001,54.401
145953,10/3/1945,1945,DET,CHC,newhh101,boroh101,64.204,54.995,0,9,-9,False,True,54.995,64.204
74163,10/15/1988,1988,LAD,OAK,belct001,stewd001,54.994,57.117,5,4,1,True,False,54.994,57.117
90435,10/18/1980,1980,KCR,PHI,leond001,chril101,54.991,51.079,5,3,2,True,False,54.991,51.079
163283,10/2/1931,1931,STL,OAK,hallb104,earng101,54.97,58.147,2,0,2,True,False,54.97,58.147
110546,10/11/1970,1970,CIN,BAL,mcglj101,cuelm101,46.967,54.937,5,6,-1,False,True,54.937,46.967
127285,10/9/1960,1960,NYY,PIT,terrr101,law-v101,54.351,54.911,2,3,-1,False,True,54.911,54.351
164522,10/6/1930,1930,STL,OAK,grimb101,earng101,55.599,54.9,0,2,-2,False,True,54.9,55.599
127282,10/13/1960,1960,PIT,NYY,law-v101,turlb101,54.9,52.093,10,9,1,True,False,54.9,52.093
149679,9/30/1942,1942,STL,NYY,coopm101,ruffr101,63.131,54.868,4,7,-3,False,True,54.868,63.131
147189,10/4/1944,1944,STL,BAL,coopm101,galed101,58.814,54.85,1,2,-1,False,True,54.85,58.814
139718,10/7/1950,1950,NYY,PHI,fordw101,millb103,54.841,48.359,5,2,3,True,False,54.841,48.359
78402,10/22/1986,1986,BOS,NYM,nippa001,darlr001,45.106,54.838,2,6,-4,False,True,54.838,45.106
181549,10/7/1916,1916,BOS,LAD,shore101,marqr102,54.829,53.588,6,5,1,True,False,54.829,53.588
165761,10/14/1929,1929,OAK,CHC,ehmkh101,malop103,54.808,56.775,3,2,1,True,False,54.808,56.775
59740,10/24/1995,1995,CLE,ATL,nagyc001,smolj001,54.798,57.749,7,6,1,True,False,54.798,57.749
100856,10/11/1975,1975,BOS,CIN,tianl101,gulld101,54.788,55.761,6,0,6,True,False,54.788,55.761
157104,10/4/1936,1936,NYY,SFG,pearm101,hubbc101,54.788,66.225,5,2,3,True,False,54.788,66.225
100852,10/16/1975,1975,CIN,BOS,gulld101,clevr101,54.77,49.528,6,2,4,True,False,54.77,49.528
175673,10/5/1921,1921,SFG,NYY,dougp101,maysc101,47.994,54.749,0,3,-3,False,True,54.749,47.994
169470,10/10/1926,1926,NYY,STL,hoytw101,hainj101,51.748,54.716,2,3,-1,False,True,54.716,51.748
169476,10/2/1926,1926,NYY,STL,pennh101,sherb101,54.706,54.15,2,1,1,True,False,54.706,54.15
159583,10/6/1934,1934,STL,DET,carlt101,aukee101,50.881,54.685,4,10,-6,False,True,54.685,50.881
57439,10/24/1996,1996,ATL,NYY,smolj001,Andy Pettitte,64.777,54.679,0,1,-1,False,True,54.679,64.777
57438,10/26/1996,1996,NYY,ATL,key-j001,maddg002,54.667,63.813,3,2,1,True,False,54.667,63.813
76280,10/18/1987,1987,MIN,STL,blylb001,cox-d001,54.636,51.164,8,4,4,True,False,54.636,51.164
40369,10/19/2003,2003,NYY,FLA,Andy Pettitte,redmm002,54.621,51.513,6,1,5,True,False,54.621,51.513
144701,10/10/1946,1946,BOS,STL,hught102,mungr101,60.256,54.615,3,12,-9,False,True,54.615,60.256
102797,10/17/1974,1974,OAK,LAD,bluev001,suttd001,54.607,57.003,3,2,1,True,False,54.607,57.003
131017,10/2/1957,1957,NYY,ATL,fordw101,spahw101,54.603,57.81,3,1,2,True,False,54.603,57.81
134741,10/1/1954,1954,CLE,SFG,garcm101,gomer101,56.045,54.595,2,6,-4,False,True,54.595,56.045
72042,10/14/1989,1989,OAK,SFG,stewd001,garrs001,54.555,53.948,5,0,5,True,False,54.555,53.948
131012,10/9/1957,1957,NYY,ATL,turlb101,buhlb101,54.538,51.359,3,2,1,True,False,54.538,51.359
122597,10/5/1963,1963,LAD,NYY,drysd101,boutj101,54.536,53.442,1,0,1,True,False,54.536,53.442
143448,10/6/1947,1947,NYY,LAD,sheas101,gregh102,54.528,47.399,5,2,3,True,False,54.528,47.399
110544,10/14/1970,1970,BAL,CIN,palmj001,nolag101,59.291,54.499,5,6,-1,False,True,54.499,59.291
92557,10/11/1979,1979,BAL,PIT,palmj001,blylb001,55.09,54.479,2,3,-1,False,True,54.479,55.09
80523,10/26/1985,1985,KCR,STL,leibc001,cox-d001,54.441,52.542,2,1,1,True,False,54.441,52.542
15743,10/24/2013,2013,BOS,STL,John Lackey,Michael Wacha,53.868,54.436,2,4,-2,False,True,54.436,53.868
82646,10/13/1984,1984,DET,SDP,morrj001,showe001,54.434,46.341,4,2,2,True,False,54.434,46.341
127283,10/12/1960,1960,PIT,NYY,frieb102,fordw101,54.76,54.432,0,12,-12,False,True,54.432,54.76
4,10/21/2020,2020,LAD,TBD,Tony Gonsolin,Blake Snell,54.975,54.422,4,6,-2,False,True,54.422,54.975
35443,10/25/2005,2005,HOU,CHW,Roy Oswalt,Jon Garland,58.087,54.391,5,7,-2,False,True,54.391,58.087
131011,10/10/1957,1957,NYY,ATL,larsd102,burdl101,51.572,54.294,0,5,-5,False,True,54.294,51.572
163278,10/10/1931,1931,STL,OAK,grimb101,earng101,54.291,60.546,4,2,2,True,False,54.291,60.546
104760,10/14/1973,1973,OAK,NYM,bluev001,koosj001,53.123,54.29,7,10,-3,False,True,54.29,53.123
182800,10/9/1915,1915,PHI,BOS,mayee101,fostr103,51.96,54.267,1,2,-1,False,True,54.267,51.96
162041,10/2/1932,1932,CHC,NYY,bushg101,allej102,52.407,54.261,6,13,-7,False,True,54.261,52.407
181545,10/12/1916,1916,BOS,LAD,shore101,pfefj101,54.249,56.103,4,1,3,True,False,54.249,56.103
67802,10/20/1991,1991,MIN,ATL,tapak001,glavt001,54.241,55.989,3,2,1,True,False,54.241,55.989
102801,10/12/1974,1974,LAD,OAK,messa101,holtk101,54.857,54.143,2,3,-1,False,True,54.143,54.857
150905,10/5/1941,1941,LAD,NYY,higbk101,donaa101,53.271,54.127,4,7,-3,False,True,54.127,53.271
63386,10/21/1993,1993,PHI,TOR,schic002,guzmj003,54.125,56.048,2,0,2,True,False,54.125,56.048
15739,10/30/2013,2013,BOS,STL,John Lackey,Michael Wacha,54.102,54.703,6,1,5,True,False,54.102,54.703
119339,10/6/1965,1965,MIN,LAD,granj101,drysd101,54.06,54.421,8,2,6,True,False,54.06,54.421
0,10/27/2020,2020,LAD,TBD,Tony Gonsolin,Blake Snell,54.056,54.534,3,1,2,True,False,54.056,54.534
25607,10/31/2009,2009,PHI,NYY,Cole Hamels,Andy Pettitte,52.713,54.046,5,8,-3,False,True,54.046,52.713
144698,10/15/1946,1946,STL,BOS,dickm101,ferrd101,54.013,52.921,4,3,1,True,False,54.013,52.921
106716,10/21/1972,1972,CIN,OAK,nolag101,bluev001,54.005,53.87,8,1,7,True,False,54.005,53.87
20677,10/24/2011,2011,TEX,STL,C.J. Wilson,carpc002,53.996,56.143,4,2,2,True,False,53.996,56.143
178147,10/6/1919,1919,CHW,CIN,willl104,elleh101,53.024,53.971,0,5,-5,False,True,53.971,53.024
108597,10/9/1971,1971,BAL,PIT,mcnad102,ellid101,53.95,49.045,5,3,2,True,False,53.95,49.045
110543,10/15/1970,1970,BAL,CIN,cuelm101,merrj102,53.912,47.961,9,3,6,True,False,53.912,47.961
59739,10/25/1995,1995,CLE,ATL,hillk001,avers001,51.526,53.889,2,5,-3,False,True,53.889,51.526
102798,10/16/1974,1974,OAK,LAD,holtk101,messa101,53.859,54.948,5,2,3,True,False,53.859,54.948
25604,11/4/2009,2009,NYY,PHI,Andy Pettitte,martp001,53.814,51.043,7,3,4,True,False,53.814,51.043
82649,10/9/1984,1984,SDP,DET,thurm001,morrj001,50.104,53.801,2,3,-1,False,True,53.801,50.104
145952,10/4/1945,1945,DET,CHC,trucv101,wyseh101,53.799,55.454,4,1,3,True,False,53.799,55.454
157102,10/6/1936,1936,SFG,NYY,fitzf101,gomel102,54.349,53.787,5,13,-8,False,True,53.787,54.349
82647,10/12/1984,1984,DET,SDP,wilcm001,lollt001,53.768,47.226,5,2,3,True,False,53.768,47.226
89007,10/28/1981,1981,NYY,LAD,johnt001,hootb001,53.859,53.762,2,9,-7,False,True,53.762,53.859
35442,10/26/2005,2005,HOU,CHW,backb001,Freddy Garcia,49.033,53.754,0,1,-1,False,True,53.754,49.033
174423,10/8/1922,1922,SFG,NYY,nehfa101,bushj102,53.718,55.014,5,3,2,True,False,53.718,55.014
154632,10/8/1938,1938,NYY,CHC,pearm101,bryac101,53.717,54.225,5,2,3,True,False,53.717,54.225
89008,10/25/1981,1981,LAD,NYY,reusj001,guidr001,53.711,55.233,2,1,1,True,False,53.711,55.233
178150,10/2/1919,1919,CIN,CHW,salls101,willl104,53.691,53.262,4,2,2,True,False,53.691,53.262
171949,10/7/1924,1924,SFG,MIN,barnv101,mogrg101,53.734,53.684,4,7,-3,False,True,53.684,53.734
171947,10/9/1924,1924,MIN,SFG,zacht101,nehfa101,53.684,54.166,2,1,1,True,False,53.684,54.166
3418,10/27/2018,2018,LAD,BOS,Rich Hill,Eduardo Rodriguez,54.474,53.638,6,9,-3,False,True,53.638,54.474
74160,10/19/1988,1988,OAK,LAD,stewd001,belct001,56.757,53.634,3,4,-1,False,True,53.634,56.757
96786,10/11/1977,1977,NYY,LAD,gulld101,suttd001,53.625,56.499,4,3,1,True,False,53.625,56.499
148434,10/7/1943,1943,NYY,STL,boroh101,braza101,53.619,52.173,6,2,4,True,False,53.619,52.173
80524,10/24/1985,1985,STL,KCR,forsb001,jackd001,47.653,53.568,1,6,-5,False,True,53.568,47.653
171952,10/4/1924,1924,MIN,SFG,johnw102,nehfa101,60.299,53.535,3,4,-1,False,True,53.535,60.299
184048,10/12/1914,1914,ATL,OAK,tylel101,bushj102,53.513,49.796,5,4,1,True,False,53.513,49.796
47757,10/26/2000,2000,NYM,NYY,leita001,Andy Pettitte,58.943,53.512,2,4,-2,False,True,53.512,58.943
10814,10/30/2015,2015,NYM,KCR,Noah Syndergaard,Yordano Ventura,53.504,53.751,9,3,6,True,False,53.504,53.751
181546,10/11/1916,1916,LAD,BOS,marqr102,leond102,52.644,53.489,2,6,-4,False,True,53.489,52.644
65674,10/21/1992,1992,TOR,ATL,key-j001,glavt001,53.485,54.571,2,1,1,True,False,53.485,54.571
82648,10/10/1984,1984,SDP,DET,white001,petrd001,53.46,54.058,5,3,2,True,False,53.46,54.058
164525,10/2/1930,1930,OAK,STL,earng101,rhemf101,53.449,49.877,6,1,5,True,False,53.449,49.877
84763,10/16/1983,1983,PHI,BAL,hudsc001,mcgrs001,51.177,53.446,0,5,-5,False,True,53.446,51.177
114455,10/10/1968,1968,STL,DET,gibsb101,lolim101,67.782,53.445,1,4,-3,False,True,53.445,67.782
116092,10/5/1967,1967,BOS,STL,lonbj101,hughd101,53.438,56.947,5,0,5,True,False,53.438,56.947
134743,9/29/1954,1954,SFG,CLE,magls101,lemob101,53.437,56.322,5,2,3,True,False,53.437,56.322
169474,10/5/1926,1926,STL,NYY,hainj101,ruetd101,53.425,47.979,4,0,4,True,False,53.425,47.979
157106,10/2/1936,1936,SFG,NYY,schuh103,gomel102,51.255,53.411,4,18,-14,False,True,53.411,51.255
166997,10/5/1928,1928,NYY,STL,pipgg101,alexg102,53.407,55.964,9,3,6,True,False,53.407,55.964
149675,10/5/1942,1942,NYY,STL,ruffr101,beazj101,55.289,53.397,2,4,-2,False,True,53.397,55.289
143450,10/4/1947,1947,LAD,NYY,barnr103,sheas101,42.575,53.353,1,2,-1,False,True,53.353,42.575
140960,10/9/1949,1949,LAD,NYY,barnr103,rascv101,53.062,53.293,6,10,-4,False,True,53.293,53.062
76279,10/20/1987,1987,STL,MIN,tudoj001,stral001,53.286,48.704,3,1,2,True,False,53.286,48.704
158349,10/4/1935,1935,CHC,DET,lee-b103,aukee101,55.472,53.277,5,6,-1,False,True,53.277,55.472
104757,10/18/1973,1973,NYM,OAK,koosj001,bluev001,53.276,52.206,2,0,2,True,False,53.276,52.206
119334,10/13/1965,1965,MIN,LAD,granj101,ostec103,53.271,53.08,5,1,4,True,False,53.271,53.08
178148,10/4/1919,1919,CHW,CIN,cicoe101,ringj101,55.556,53.256,0,2,-2,False,True,53.256,55.556
92555,10/13/1979,1979,PIT,BAL,bibbj001,martd001,56.072,53.251,6,9,-3,False,True,53.251,56.072
160812,10/5/1933,1933,MIN,SFG,white102,fitzf101,53.24,50.051,4,0,4,True,False,53.24,50.051
139719,10/6/1950,1950,NYY,PHI,lopae101,heink101,53.232,50.956,3,2,1,True,False,53.232,50.956
174427,10/4/1922,1922,SFG,NYY,nehfa101,bushj102,53.211,55.173,3,2,1,True,False,53.211,55.173
104759,10/16/1973,1973,NYM,OAK,seavt001,huntj101,61.833,53.211,2,3,-1,False,True,53.211,61.833
47761,10/21/2000,2000,NYY,NYM,Andy Pettitte,leita001,53.194,58.482,4,3,1,True,False,53.194,58.482
32984,10/26/2006,2006,STL,DET,suppj001,Jeremy Bonderman,53.189,55.486,5,4,1,True,False,53.189,55.486
171951,10/5/1924,1924,MIN,SFG,zacht101,bentj101,53.185,51.504,4,3,1,True,False,53.185,51.504
92553,10/16/1979,1979,BAL,PIT,palmj001,candj001,55.221,53.174,0,4,-4,False,True,53.174,55.221
104761,10/13/1973,1973,OAK,NYM,holtk101,matlj101,53.17,56.844,2,1,1,True,False,53.17,56.844
163282,10/5/1931,1931,OAK,STL,grovl101,grimb101,64.977,53.154,2,5,-3,False,True,53.154,64.977
173185,10/14/1923,1923,NYY,SFG,bushj102,bentj101,53.139,50.075,8,1,7,True,False,53.139,50.075
134740,10/2/1954,1954,CLE,SFG,lemob101,liddd101,56.182,53.139,4,7,-3,False,True,53.139,56.182
114457,10/7/1968,1968,DET,STL,lolim101,briln101,53.119,46.565,5,3,2,True,False,53.119,46.565
165765,10/8/1929,1929,CHC,OAK,rootc101,ehmkh101,56.739,53.113,1,3,-2,False,True,53.113,56.739
18209,10/27/2012,2012,DET,SFG,Anibal Sanchez,Ryan Vogelsong,53.731,53.109,0,2,-2,False,True,53.109,53.731
150908,10/1/1941,1941,NYY,LAD,ruffr101,davic103,53.092,56.191,3,2,1,True,False,53.092,56.191
162043,9/29/1932,1932,NYY,CHC,gomel102,warnl101,53.019,57.246,5,2,3,True,False,53.019,57.246
149678,10/1/1942,1942,STL,NYY,beazj101,bonht101,53.017,59.205,4,3,1,True,False,53.017,59.205
128526,10/6/1959,1959,LAD,CHW,koufs101,shawb103,49.888,53.008,0,1,-1,False,True,53.008,49.888
65677,10/17/1992,1992,ATL,TOR,glavt001,morrj001,52.998,54.014,3,1,2,True,False,52.998,54.014
127286,10/8/1960,1960,NYY,PIT,fordw101,mizew101,52.944,52.431,10,0,10,True,False,52.944,52.431
148433,10/10/1943,1943,STL,NYY,lanim101,russm101,57.062,52.935,1,2,-1,False,True,52.935,57.062
57440,10/23/1996,1996,ATL,NYY,neagd001,rogek001,54.258,52.934,6,8,-2,False,True,52.934,54.258
142207,10/9/1948,1948,CLE,ATL,groms101,sainj101,52.902,58.297,2,1,1,True,False,52.902,58.297
131013,10/7/1957,1957,ATL,NYY,burdl101,fordw101,52.901,55.556,1,0,1,True,False,52.901,55.556
76278,10/21/1987,1987,STL,MIN,mathg001,violf001,52.868,58.231,7,2,5,True,False,52.868,58.231
143454,9/30/1947,1947,NYY,LAD,sheas101,branr103,52.868,54.629,5,3,2,True,False,52.868,54.629
132256,10/7/1956,1956,NYY,LAD,sturt101,erskc101,52.856,48.36,6,2,4,True,False,52.856,48.36
170712,10/13/1925,1925,PIT,MIN,kremr101,ferga101,52.847,48.526,3,2,1,True,False,52.847,48.526
42838,10/20/2002,2002,ANA,SFG,appik001,ortir001,52.842,52.965,11,10,1,True,False,52.842,52.965
108591,10/17/1971,1971,BAL,PIT,cuelm101,blass101,53.241,52.829,1,2,-1,False,True,52.829,53.241
132255,10/8/1956,1956,NYY,LAD,larsd102,magls101,52.822,56.41,2,0,2,True,False,52.822,56.41
104756,10/20/1973,1973,OAK,NYM,huntj101,seavt001,52.821,62.298,3,1,2,True,False,52.821,62.298
153398,10/5/1939,1939,NYY,CIN,pearm101,waltb102,52.808,59.792,4,0,4,True,False,52.808,59.792
63389,10/17/1993,1993,TOR,PHI,stewd001,mulht001,51.9,52.751,4,6,-2,False,True,52.751,51.9
96781,10/18/1977,1977,NYY,LAD,torrm001,hootb001,52.737,57.783,8,4,4,True,False,52.737,57.783
129769,10/9/1958,1958,ATL,NYY,burdl101,larsd102,57.026,52.726,2,6,-4,False,True,52.726,57.026
119336,10/10/1965,1965,LAD,MIN,drysd101,granj101,52.724,54.435,7,2,5,True,False,52.724,54.435
180295,10/10/1917,1917,SFG,CHW,bentr102,cicoe101,52.715,59.401,2,0,2,True,False,52.715,59.401
135981,10/5/1953,1953,NYY,LAD,fordw101,erskc101,52.697,57.581,4,3,1,True,False,52.697,57.581
124220,10/15/1962,1962,SFG,NYY,pierb101,fordw101,52.695,56.32,5,2,3,True,False,52.695,56.32
89011,10/21/1981,1981,NYY,LAD,johnt001,hootb001,52.692,53.489,3,0,3,True,False,52.692,53.489
138476,10/6/1951,1951,SFG,NYY,hearj102,rascv101,52.675,57.052,6,2,4,True,False,52.675,57.052
114459,10/5/1968,1968,DET,STL,wilse102,washr101,53.068,52.672,3,7,-4,False,True,52.672,53.068
120964,10/14/1964,1964,STL,NYY,simmc101,boutj101,51.8,52.659,3,8,-5,False,True,52.659,51.8
149677,10/3/1942,1942,NYY,STL,chans101,white103,55.156,52.637,0,2,-2,False,True,52.637,55.156
128527,10/5/1959,1959,LAD,CHW,crair101,wynne101,52.637,56.173,5,4,1,True,False,52.637,56.173
2,10/24/2020,2020,TBD,LAD,Ryan Yarbrough,Julio Urias,52.637,50.974,8,7,1,True,False,52.637,50.974
82645,10/14/1984,1984,DET,SDP,petrd001,thurm001,52.62,49.529,8,4,4,True,False,52.62,49.529
106719,10/18/1972,1972,OAK,CIN,odomj101,billj101,48.836,52.598,0,1,-1,False,True,52.598,48.836
120968,10/8/1964,1964,STL,NYY,gibsb101,stotm101,58.065,52.585,3,8,-5,False,True,52.585,58.065
47759,10/24/2000,2000,NYM,NYY,reedr002,herno001,52.566,56.565,4,2,2,True,False,52.566,56.565
5884,10/28/2017,2017,HOU,LAD,Charlie Morton,Alex Wood,52.359,52.525,2,6,-4,False,True,52.525,52.359
137231,10/3/1952,1952,NYY,LAD,lopae101,roe-p101,57.889,52.487,3,5,-2,False,True,52.487,57.889
140961,10/8/1949,1949,LAD,NYY,newcd101,lopae101,58.173,52.467,4,6,-2,False,True,52.467,58.173
127287,10/6/1960,1960,PIT,NYY,frieb102,turlb101,55.309,52.461,3,16,-13,False,True,52.461,55.309
100854,10/14/1975,1975,CIN,BOS,nolag101,wiser101,52.438,50.011,6,5,1,True,False,52.438,50.011
153396,10/8/1939,1939,CIN,NYY,derrp101,hildo101,59.071,52.418,4,7,-3,False,True,52.418,59.071
168230,10/8/1927,1927,NYY,PIT,moorw101,hillc102,52.339,54.663,4,3,1,True,False,52.339,54.663
10815,10/28/2015,2015,KCR,NYM,Johnny Cueto,Jacob deGrom,52.304,58.503,7,1,6,True,False,52.304,58.503
80527,10/20/1985,1985,KCR,STL,leibc001,cox-d001,53.812,52.292,2,4,-2,False,True,52.292,53.812
5885,10/27/2017,2017,HOU,LAD,Lance McCullers Jr.,Yu Darvish,52.277,55.675,5,3,2,True,False,52.277,55.675
131016,10/3/1957,1957,NYY,ATL,shanb102,burdl101,53.631,52.265,2,4,-2,False,True,52.265,53.631
30525,10/27/2007,2007,COL,BOS,foggj001,Daisuke Matsuzaka,49.968,52.249,5,10,-5,False,True,52.249,49.968
116091,10/7/1967,1967,STL,BOS,briln101,bellg102,52.207,49.269,5,2,3,True,False,52.207,49.269
42837,10/22/2002,2002,SFG,ANA,hernl003,Ramon Ortiz,50.001,52.183,4,10,-6,False,True,52.183,50.001
5881,11/1/2017,2017,LAD,HOU,Yu Darvish,Lance McCullers Jr.,54.153,52.171,1,5,-4,False,True,52.171,54.153
114460,10/3/1968,1968,STL,DET,briln101,lolim101,47.75,52.141,1,8,-7,False,True,52.141,47.75
165762,10/12/1929,1929,OAK,CHC,quinj102,rootc101,52.126,57.52,10,8,2,True,False,52.126,57.52
119337,10/9/1965,1965,LAD,MIN,ostec103,pascc102,52.113,51.088,4,0,4,True,False,52.113,51.088
20680,10/20/2011,2011,STL,TEX,Jaime Garcia,Colby Lewis,48.329,52.113,1,2,-1,False,True,52.113,48.329
84764,10/15/1983,1983,PHI,BAL,dennj001,davis001,57.202,52.112,4,5,-1,False,True,52.112,57.202
96784,10/14/1977,1977,LAD,NYY,johnt001,torrm001,56.581,52.11,3,5,-2,False,True,52.11,56.581
129771,10/6/1958,1958,NYY,ATL,turlb101,burdl101,52.107,58.281,7,0,7,True,False,52.107,58.281
124223,10/7/1962,1962,NYY,SFG,stafb101,pierb101,52.106,52.207,3,2,1,True,False,52.106,52.207
13282,10/22/2014,2014,KCR,SFG,Yordano Ventura,Jake Peavy,52.089,52.62,7,2,5,True,False,52.089,52.62
176904,10/11/1920,1920,CLE,LAD,mailw101,smits102,52.081,52.517,1,0,1,True,False,52.081,52.517
178151,10/1/1919,1919,CIN,CHW,ruetd101,cicoe101,52.042,57.177,9,1,8,True,False,52.042,57.177
171946,10/10/1924,1924,MIN,SFG,ogdec101,barnv101,52.034,52.939,4,3,1,True,False,52.034,52.939
140962,10/7/1949,1949,LAD,NYY,branr103,byrnt101,50.193,52.01,3,4,-1,False,True,52.01,50.193
168232,10/6/1927,1927,PIT,NYY,aldrv101,pipgg101,50.876,51.882,2,6,-4,False,True,51.882,50.876
180293,10/13/1917,1917,CHW,SFG,russr102,salls101,51.874,53.007,8,5,3,True,False,51.874,53.007
13278,10/28/2014,2014,KCR,SFG,Yordano Ventura,Jake Peavy,51.846,51.763,10,0,10,True,False,51.846,51.763
55144,10/18/1997,1997,FLA,CLE,hernl003,herso001,51.829,53.704,7,4,3,True,False,51.829,53.704
120967,10/10/1964,1964,NYY,STL,boutj101,simmc101,51.822,50.949,2,1,1,True,False,51.822,50.949
143452,10/2/1947,1947,LAD,NYY,hattj101,newsb101,51.774,51.036,9,8,1,True,False,51.774,51.036
129773,10/4/1958,1958,NYY,ATL,larsd102,rushb101,51.751,50.581,4,0,4,True,False,51.751,50.581
55139,10/25/1997,1997,FLA,CLE,browk001,ogeac001,59.469,51.723,1,4,-3,False,True,51.723,59.469
171948,10/8/1924,1924,SFG,MIN,bentj101,johnw102,51.654,60.144,6,2,4,True,False,51.654,60.144
63385,10/23/1993,1993,TOR,PHI,stewd001,mulht001,51.65,52.667,8,6,2,True,False,51.65,52.667
98902,10/16/1976,1976,CIN,NYY,gulld101,alexd001,51.621,48.748,5,1,4,True,False,51.621,48.748
98900,10/19/1976,1976,NYY,CIN,ellid101,zachp001,50.194,51.621,2,6,-4,False,True,51.621,50.194
98899,10/21/1976,1976,NYY,CIN,figue101,nolag101,51.396,51.604,2,7,-5,False,True,51.604,51.396
144702,10/9/1946,1946,BOS,STL,ferrd101,dickm101,51.597,54.214,4,0,4,True,False,51.597,54.214
143449,10/5/1947,1947,NYY,LAD,reyna102,lombv101,51.853,51.585,6,8,-2,False,True,51.585,51.853
86887,10/17/1982,1982,MIL,STL,caldm001,forsb001,51.573,52.966,6,4,2,True,False,51.573,52.966
104755,10/21/1973,1973,OAK,NYM,holtk101,matlj101,51.568,57.828,5,2,3,True,False,51.568,57.828
174426,10/5/1922,1922,NYY,SFG,shawb102,barnj102,57.356,51.538,3,3,0,False,False,51.538,51.538
169473,10/6/1926,1926,STL,NYY,rhemf101,hoytw101,52.27,51.528,5,10,-5,False,True,51.528,52.27
45296,10/31/2001,2001,NYY,ARI,herno001,schic002,51.483,66.542,4,3,1,True,False,51.483,66.542
94670,10/10/1978,1978,LAD,NYY,johnt001,figue101,51.466,51.859,11,5,6,True,False,51.466,51.859
173187,10/12/1923,1923,NYY,SFG,jones104,nehfa101,53.525,51.462,0,1,-1,False,True,51.462,53.525
142206,10/10/1948,1948,CLE,ATL,fellb101,pottn102,57.899,51.451,5,11,-6,False,True,51.451,57.899
144700,10/11/1946,1946,BOS,STL,dobsj101,pollh101,51.426,57.201,6,3,3,True,False,51.426,57.201
55140,10/23/1997,1997,CLE,FLA,herso001,hernl003,52.122,51.414,7,8,-1,False,True,51.414,52.122
124222,10/8/1962,1962,NYY,SFG,fordw101,marij101,56.604,51.41,3,7,-4,False,True,51.41,56.604
158348,10/5/1935,1935,CHC,DET,carlt101,crowg102,52.383,51.408,1,2,-1,False,True,51.408,52.383
185307,10/11/1913,1913,SFG,OAK,mathc102,plane101,57.899,51.404,1,3,-2,False,True,51.404,57.899
125850,10/5/1961,1961,NYY,CIN,terrr101,jay-j101,57.175,51.375,2,6,-4,False,True,51.375,57.175
108595,10/12/1971,1971,PIT,BAL,blass101,cuelm101,51.366,54.296,5,1,4,True,False,51.366,54.296
10812,11/1/2015,2015,NYM,KCR,Matt Harvey,Edinson Volquez,57.056,51.364,2,7,-5,False,True,51.364,57.056
50218,10/26/1999,1999,NYY,ATL,Andy Pettitte,glavt001,51.346,54.483,6,5,1,True,False,51.346,54.483
10816,10/27/2015,2015,KCR,NYM,Edinson Volquez,Matt Harvey,51.341,57.476,5,4,1,True,False,51.341,57.476
10813,10/31/2015,2015,NYM,KCR,Steven Matz,Chris Young,49.582,51.324,3,5,-2,False,True,51.324,49.582
133499,10/4/1955,1955,NYY,LAD,byrnt101,podrj101,51.163,51.316,0,2,-2,False,True,51.316,51.163
8353,10/28/2016,2016,CHC,CLE,Kyle Hendricks,Josh Tomlin,60.673,51.306,0,1,-1,False,True,51.306,60.673
143453,10/1/1947,1947,NYY,LAD,reyna102,lombv101,51.296,52.606,10,3,7,True,False,51.296,52.606
175671,10/7/1921,1921,SFG,NYY,tonef101,shawb102,51.291,52.774,13,5,8,True,False,51.291,52.774
42834,10/26/2002,2002,ANA,SFG,appik001,ortir001,51.289,51.231,6,5,1,True,False,51.289,51.231
954,10/26/2019,2019,WSN,HOU,Patrick Corbin,Jose Urquidy,56.004,51.251,1,8,-7,False,True,51.251,56.004
124224,10/5/1962,1962,SFG,NYY,sanfj101,terrr101,51.235,56.12,2,0,2,True,False,51.235,56.12
106721,10/14/1972,1972,CIN,OAK,nolag101,holtk101,54.721,51.229,2,3,-1,False,True,51.229,54.721
145950,10/6/1945,1945,CHC,DET,primr101,troud101,55.385,51.194,1,4,-3,False,True,51.194,55.385
106718,10/19/1972,1972,OAK,CIN,holtk101,gulld101,51.171,50.393,3,2,1,True,False,51.171,50.393
176907,10/7/1920,1920,LAD,CLE,smits102,caldr101,51.15,49.328,2,1,1,True,False,51.15,49.328
137229,10/5/1952,1952,NYY,LAD,blace102,erskc101,46.95,51.06,5,6,-1,False,True,51.06,46.95
55143,10/19/1997,1997,FLA,CLE,browk001,ogeac001,60.752,51.033,1,6,-5,False,True,51.033,60.752
23143,10/31/2010,2010,TEX,SFG,huntt002,Madison Bumgarner,49.982,51.027,0,4,-4,False,True,51.027,49.982
47758,10/25/2000,2000,NYM,NYY,joneb003,neagd001,50.159,50.995,2,3,-1,False,True,50.995,50.159
52676,10/21/1998,1998,SDP,NYY,browk001,Andy Pettitte,66.54,50.927,0,3,-3,False,True,50.927,66.54
112500,10/14/1969,1969,NYM,BAL,gentg101,palmj001,50.899,56.506,5,0,5,True,False,50.899,56.506
42833,10/27/2002,2002,ANA,SFG,John Lackey,hernl003,50.885,48.736,4,1,3,True,False,50.885,48.736
74161,10/18/1988,1988,OAK,LAD,welcb001,tudoj001,50.883,51.372,2,1,1,True,False,50.883,51.372
164523,10/5/1930,1930,STL,OAK,hainj101,grovl101,50.87,62.302,3,1,2,True,False,50.87,62.302
55142,10/21/1997,1997,CLE,FLA,nagyc001,leita001,52.356,50.814,11,14,-3,False,True,50.814,52.356
67798,10/26/1991,1991,MIN,ATL,erics001,avers001,50.813,55.471,4,3,1,True,False,50.813,55.471
20678,10/23/2011,2011,TEX,STL,Derek Holland,Edwin Jackson,50.782,49.576,4,0,4,True,False,50.782,49.576
175668,10/11/1921,1921,NYY,SFG,harph101,tonef101,52.351,50.766,5,8,-3,False,True,50.766,52.351
175667,10/12/1921,1921,SFG,NYY,dougp101,maysc101,50.754,56.495,2,1,1,True,False,50.754,56.495
173189,10/10/1923,1923,NYY,SFG,hoytw101,watsm103,55.676,50.688,4,5,-1,False,True,50.688,55.676
108594,10/13/1971,1971,PIT,BAL,walkl101,dobsp101,50.658,54.125,4,3,1,True,False,50.658,54.125
127284,10/10/1960,1960,NYY,PIT,ditma101,haddh101,50.972,50.657,2,5,-3,False,True,50.657,50.972
69922,10/17/1990,1990,CIN,OAK,jackd001,welcb001,50.618,53.353,5,4,1,True,False,50.618,53.353
174425,10/6/1922,1922,SFG,NYY,scotj101,hoytw101,50.545,53.884,3,0,3,True,False,50.545,53.884
18210,10/25/2012,2012,SFG,DET,Madison Bumgarner,Doug Fister,50.519,56.584,2,0,2,True,False,50.519,56.584
94667,10/14/1978,1978,NYY,LAD,figue101,johnt001,50.502,51.136,4,3,1,True,False,50.502,51.136
28066,10/25/2008,2008,PHI,TBD,moyej001,Matt Garza,50.492,54.36,5,4,1,True,False,50.492,54.36
98901,10/17/1976,1976,CIN,NYY,normf101,huntj101,50.487,55.059,4,3,1,True,False,50.487,55.059
180292,10/15/1917,1917,SFG,CHW,bentr102,faber101,54.093,50.484,2,4,-2,False,True,50.484,54.093
84765,10/14/1983,1983,PHI,BAL,carls001,flanm001,57.908,50.455,2,3,-1,False,True,50.455,57.908
143451,10/3/1947,1947,LAD,NYY,taylh101,beveb101,50.399,51.216,3,2,1,True,False,50.399,51.216
178146,10/7/1919,1919,CIN,CHW,ruetd101,kerrd101,52.972,50.355,4,5,-1,False,True,50.355,52.972
90436,10/17/1980,1980,KCR,PHI,galer001,ruthd001,50.351,51.031,4,3,1,True,False,50.351,51.031
133503,9/30/1955,1955,LAD,NYY,podrj101,turlb101,50.308,54.918,8,3,5,True,False,50.308,54.918
40367,10/22/2003,2003,FLA,NYY,pavac001,clemr001,50.233,54.594,4,3,1,True,False,50.233,54.594
128525,10/8/1959,1959,CHW,LAD,wynne101,podrj101,55.166,50.167,3,9,-6,False,True,50.167,55.166
90434,10/19/1980,1980,KCR,PHI,gural001,bystm001,51.163,50.162,3,4,-1,False,True,50.162,51.163
106715,10/22/1972,1972,CIN,OAK,billj101,odomj101,53.578,50.119,2,3,-1,False,True,50.119,53.578
157103,10/5/1936,1936,NYY,SFG,ruffr101,schuh103,53.394,50.113,4,5,-1,False,True,50.113,53.394
94666,10/15/1978,1978,NYY,LAD,beatj001,hootb001,50.062,55.611,12,2,10,True,False,50.062,55.611
180296,10/7/1917,1917,CHW,SFG,faber101,schuf102,50.024,58.603,7,2,5,True,False,50.024,58.603
86890,10/13/1982,1982,STL,MIL,stupj001,suttd001,49.981,56.33,5,4,1,True,False,49.981,56.33
133504,9/29/1955,1955,NYY,LAD,byrnt101,loesb101,49.978,52.181,4,2,2,True,False,49.978,52.181
76277,10/22/1987,1987,STL,MIN,cox-d001,blylb001,49.971,55.064,4,2,2,True,False,49.971,55.064
128529,10/2/1959,1959,CHW,LAD,shawb103,podrj101,53.84,49.97,3,4,-1,False,True,49.97,53.84
86891,10/12/1982,1982,STL,MIL,forsb001,caldm001,53.995,49.951,0,10,-10,False,True,49.951,53.995
162042,10/1/1932,1932,CHC,NYY,rootc101,pipgg101,54.015,49.911,5,7,-2,False,True,49.911,54.015
20676,10/27/2011,2011,STL,TEX,Jaime Garcia,Colby Lewis,49.91,52.919,10,9,1,True,False,49.91,52.919
40366,10/23/2003,2003,FLA,NYY,Brad Penny,welld001,49.834,54.226,6,4,2,True,False,49.834,54.226
40370,10/18/2003,2003,NYY,FLA,welld001,Brad Penny,54.065,49.829,2,3,-1,False,True,49.829,54.065
117716,10/6/1966,1966,LAD,BAL,koufs101,palmj001,64.546,49.821,0,6,-6,False,True,49.821,64.546
28065,10/26/2008,2008,PHI,TBD,Joe Blanton,sonna001,49.805,51.983,10,2,8,True,False,49.805,51.983
135982,10/4/1953,1953,LAD,NYY,podrj101,mcdoj104,47.195,49.801,7,11,-4,False,True,49.801,47.195
55141,10/22/1997,1997,CLE,FLA,wrigj002,saunt001,49.789,47.257,10,3,7,True,False,49.789,47.257
133501,10/2/1955,1955,LAD,NYY,crair101,grimb102,49.743,49.925,5,3,2,True,False,49.743,49.925
13281,10/24/2014,2014,SFG,KCR,Tim Hudson,Jeremy Guthrie,47.079,49.71,2,3,-1,False,True,49.71,47.079
132253,10/10/1956,1956,LAD,NYY,newcd101,kuckj101,54.523,49.687,0,9,-9,False,True,49.687,54.523
55138,10/26/1997,1997,FLA,CLE,leita001,wrigj002,49.67,49.877,3,2,1,True,False,49.67,49.877
89009,10/24/1981,1981,LAD,NYY,welcb001,reusr001,49.649,52.918,8,7,1,True,False,49.649,52.918
138478,10/4/1951,1951,NYY,SFG,reyna102,kosld101,59.736,49.485,1,5,-4,False,True,49.485,59.736
94665,10/17/1978,1978,LAD,NYY,suttd001,huntj101,50.84,49.477,2,7,-5,False,True,49.477,50.84
119338,10/7/1965,1965,MIN,LAD,kaatj101,koufs101,49.444,66.595,5,1,4,True,False,49.444,66.595
86886,10/19/1982,1982,STL,MIL,stupj001,suttd001,49.387,56.141,13,1,12,True,False,49.387,56.141
165763,10/11/1929,1929,OAK,CHC,earng101,bushg101,56.355,49.305,1,3,-2,False,True,49.305,56.355
133502,10/1/1955,1955,LAD,NYY,erskc101,larsd102,49.292,49.748,8,5,3,True,False,49.292,49.748
175670,10/9/1921,1921,NYY,SFG,maysc101,dougp101,56.168,49.248,2,4,-2,False,True,49.248,56.168
140964,10/5/1949,1949,NYY,LAD,reyna102,newcd101,49.229,56.691,1,0,1,True,False,49.229,56.691
15742,10/26/2013,2013,STL,BOS,Joe Kelly,Jake Peavy,49.227,52.117,5,4,1,True,False,49.227,52.117
37906,10/23/2004,2004,BOS,STL,waket001,willw001,49.216,54.3,11,9,2,True,False,49.216,54.3
76276,10/24/1987,1987,MIN,STL,stral001,tudoj001,49.15,54.151,11,5,6,True,False,49.15,54.151
86888,10/16/1982,1982,MIL,STL,haasm001,lapod001,49.141,47.247,7,5,2,True,False,49.141,47.247
181547,10/10/1916,1916,LAD,BOS,coomj101,maysc101,48.848,51.702,4,3,1,True,False,48.848,51.702
178149,10/3/1919,1919,CHW,CIN,kerrd101,fishr101,48.787,54.594,3,0,3,True,False,48.787,54.594
30524,10/28/2007,2007,COL,BOS,cooka002,Jon Lester,53.109,48.776,3,4,-1,False,True,48.776,53.109
42836,10/23/2002,2002,SFG,ANA,ruetk001,John Lackey,48.762,51.365,4,3,1,True,False,48.762,51.365
37903,10/27/2004,2004,STL,BOS,Jason Marquis,lowed001,48.229,48.735,0,3,-3,False,True,48.735,48.229
63388,10/19/1993,1993,PHI,TOR,jackd001,hentp001,49.34,48.517,3,10,-7,False,True,48.517,49.34
69921,10/19/1990,1990,OAK,CIN,moorm001,browt001,47.863,48.374,3,8,-5,False,True,48.374,47.863
117717,10/5/1966,1966,LAD,BAL,drysd101,mcnad102,53.396,48.362,2,5,-3,False,True,48.362,53.396
120969,10/7/1964,1964,STL,NYY,sader101,fordw101,48.308,57.21,9,5,4,True,False,48.308,57.21
20679,10/22/2011,2011,TEX,STL,Matt Harrison,Kyle Lohse,52.314,48.266,7,16,-9,False,True,48.266,52.314
170715,10/10/1925,1925,MIN,PIT,ferga101,kremr101,47.943,53.01,4,3,1,True,False,47.943,53.01
132254,10/9/1956,1956,LAD,NYY,labic101,turlb101,47.88,48.566,1,0,1,True,False,47.88,48.566
135983,10/3/1953,1953,LAD,NYY,loesb101,fordw101,47.854,53.239,7,3,4,True,False,47.854,53.239
63387,10/20/1993,1993,PHI,TOR,greet001,stott001,50.888,47.822,14,15,-1,False,True,47.822,50.888
120966,10/11/1964,1964,NYY,STL,downa101,sader101,52.253,47.643,3,4,-1,False,True,47.643,52.253
137233,10/1/1952,1952,LAD,NYY,blacj103,reyna102,47.549,58.3,4,2,2,True,False,47.549,58.3
32987,10/21/2006,2006,DET,STL,Justin Verlander,reyea002,51.292,47.512,2,7,-5,False,True,47.512,51.292
32983,10/27/2006,2006,STL,DET,weavj002,Justin Verlander,47.494,50.625,4,2,2,True,False,47.494,50.625
18211,10/24/2012,2012,SFG,DET,Barry Zito,Justin Verlander,47.441,63.458,8,3,5,True,False,47.441,63.458
117714,10/9/1966,1966,BAL,LAD,mcnad102,drysd101,47.434,51.751,1,0,1,True,False,47.434,51.751
13277,10/29/2014,2014,KCR,SFG,Jeremy Guthrie,Tim Hudson,49.831,47.275,2,3,-1,False,True,47.275,49.831
157105,10/3/1936,1936,NYY,SFG,hadlb101,fitzf101,46.54,53.224,2,1,1,True,False,46.54,53.224
174424,10/7/1922,1922,NYY,SFG,maysc101,mcquh101,53.156,46.539,3,4,-1,False,True,46.539,53.156
116088,10/11/1967,1967,BOS,STL,waslg101,hughd101,46.316,56.666,8,4,4,True,False,46.316,56.666
108593,10/14/1971,1971,PIT,BAL,briln101,mcnad102,46.227,55.13,4,0,4,True,False,46.227,55.13
90438,10/14/1980,1980,PHI,KCR,walkb001,leond001,46.209,56.254,7,6,1,True,False,46.209,56.254
13280,10/25/2014,2014,SFG,KCR,Ryan Vogelsong,Jason Vargas,46.188,50.57,11,4,7,True,False,46.188,50.57
117715,10/8/1966,1966,BAL,LAD,bunkw101,ostec103,46.084,49.621,1,0,1,True,False,46.084,49.621
185309,10/9/1913,1913,SFG,OAK,tesrj101,bushj102,55.362,45.991,2,8,-6,False,True,45.991,55.362
106717,10/20/1972,1972,OAK,CIN,huntj101,mcglj101,59.575,45.576,4,5,-1,False,True,45.576,59.575
166996,10/7/1928,1928,STL,NYY,hainj101,zacht101,56.591,45.297,3,7,-4,False,True,45.297,56.591
122598,10/3/1963,1963,NYY,LAD,downa101,podrj101,56.889,44.988,1,4,-3,False,True,44.988,56.889
100855,10/12/1975,1975,BOS,CIN,lee-b101,billj101,49.809,44.824,2,3,-1,False,True,44.824,49.809
92554,10/14/1979,1979,PIT,BAL,rookj101,flanm001,44.814,57.328,7,1,6,True,False,44.814,57.328
