,date,season,playoff,home_team,away_team,home_pitcher,away_pitcher,home_pitcher_rgs,away_pitcher_rgs,home_pitcher_rating,away_pitcher_rating,home_score,away_score,compare_score,compare_pitchers,home_win,away_win,win_pitch_adj,pitcher_difference,lose_pitch_adj
957,10/22/2019,2019,w,HOU,WSN,Gerrit Cole,Max Scherzer,67.997,61.808,52.677,27.889,4,5,-1,24.788,False,True,27.889,-24.788,52.677
23146,10/27/2010,2010,w,SFG,TEX,Tim Lincecum,Cliff Lee,58.564,63.401,24.097,48.048,11,7,4,-23.951,True,False,24.097,-23.951,48.048
25609,10/28/2009,2009,w,NYY,PHI,CC Sabathia,Cliff Lee,62.527,59.9,45.562,36.514,1,6,-5,9.047999999999995,False,True,36.514,-9.047999999999995,45.562
5882,10/31/2017,2017,w,LAD,HOU,Rich Hill,Justin Verlander,55.895,61.875,16.898,42.748,3,1,2,-25.849999999999998,True,False,16.898,-25.849999999999998,42.748
23142,11/1/2010,2010,w,TEX,SFG,Cliff Lee,Tim Lincecum,61.87,57.711,41.496,19.261,1,3,-2,22.235000000000003,False,True,19.261,-22.235000000000003,41.496
8349,11/2/2016,2016,w,CLE,CHC,Corey Kluber,Kyle Hendricks,62.352,60.495,40.469,16.957,7,8,-1,23.512,False,True,16.957,-23.512,40.469
18211,10/24/2012,2012,w,SFG,DET,Barry Zito,Justin Verlander,47.441,63.458,-14.777,40.35,8,3,5,-55.127,True,False,-14.777,-55.127,40.35
5883,10/29/2017,2017,w,HOU,LAD,Dallas Keuchel,Clayton Kershaw,55.92,59.647,14.266,33.707,13,12,1,-19.441000000000003,True,False,14.266,-19.441000000000003,33.707
956,10/23/2019,2019,w,HOU,WSN,Justin Verlander,Stephen Strasburg,63.846,60.259,33.679,20.411,3,12,-9,13.268,False,True,20.411,-13.268,33.679
15744,10/23/2013,2013,w,BOS,STL,Jon Lester,Adam Wainwright,55.428,58.769,15.515,29.873,8,1,7,-14.358,True,False,15.515,-14.358,29.873
10815,10/28/2015,2015,w,KCR,NYM,Johnny Cueto,Jacob deGrom,52.304,58.503,13.033,28.867,7,1,6,-15.834000000000001,True,False,13.033,-15.834000000000001,28.867
952,10/29/2019,2019,w,HOU,WSN,Justin Verlander,Stephen Strasburg,62.975,60.273,28.723,21.776,2,7,-5,6.946999999999999,False,True,21.776,-6.946999999999999,28.723
40368,10/21/2003,2003,w,FLA,NYY,Josh Beckett,mussm001,57.481,57.482,27.016,2.83,1,6,-5,24.186,False,True,2.83,-24.186,27.016
15740,10/28/2013,2013,w,STL,BOS,Adam Wainwright,Jon Lester,58.243,56.699,26.607,20.046,1,3,-2,6.561,False,True,20.046,-6.561,26.607
35444,10/23/2005,2005,w,CHW,HOU,Mark Buehrle,Andy Pettitte,56.409,59.622,9.583,26.198,7,6,1,-16.615000000000002,True,False,9.583,-16.615000000000002,26.198
8355,10/25/2016,2016,w,CLE,CHC,Corey Kluber,Jon Lester,61.269,61.951,35.654,24.215,6,0,6,11.439000000000004,True,False,35.654,11.439000000000004,24.215
10816,10/27/2015,2015,w,KCR,NYM,Edinson Volquez,Matt Harvey,51.341,57.476,8.615,23.881,5,4,1,-15.266,True,False,8.615,-15.266,23.881
10812,11/1/2015,2015,w,NYM,KCR,Matt Harvey,Edinson Volquez,57.056,51.364,22.748,8.357,2,7,-5,14.391000000000002,False,True,8.357,-14.391000000000002,22.748
3,10/23/2020,2020,w,TBD,LAD,Charlie Morton,Walker Buehler,57.971,55.938,20.547,18.098,2,6,-4,2.4490000000000016,False,True,18.098,-2.4490000000000016,20.547
35443,10/25/2005,2005,w,HOU,CHW,Roy Oswalt,Jon Garland,58.087,54.391,19.19,0.009,5,7,-2,19.181,False,True,0.009,-19.181,19.19
57443,10/20/1996,1996,w,NYY,ATL,Andy Pettitte,smolj001,56.277,64.644,18.88,9.185,1,12,-11,9.694999999999999,False,True,9.185,-9.694999999999999,18.88
10814,10/30/2015,2015,w,NYM,KCR,Noah Syndergaard,Yordano Ventura,53.504,53.751,5.875,18.386,9,3,6,-12.511,True,False,5.875,-12.511,18.386
8353,10/28/2016,2016,w,CHC,CLE,Kyle Hendricks,Josh Tomlin,60.673,51.306,18.007,-11.98,0,1,-1,29.987000000000002,False,True,-11.98,-29.987000000000002,18.007
5887,10/24/2017,2017,w,LAD,HOU,Clayton Kershaw,Dallas Keuchel,58.855,56.372,30.375,17.036,3,1,2,13.338999999999999,True,False,30.375,13.338999999999999,17.036
5886,10/25/2017,2017,w,LAD,HOU,Rich Hill,Justin Verlander,55.944,62.376,15.646,45.509,6,7,-1,-29.863,False,True,45.509,29.863,15.646
25605,11/2/2009,2009,w,PHI,NYY,Cliff Lee,A.J. Burnett,61.387,56.379,41.694,15.416,8,6,2,26.278000000000002,True,False,41.694,26.278000000000002,15.416
30527,10/24/2007,2007,w,BOS,COL,Josh Beckett,Jeff Francis,62.775,56.459,40.293,14.852,13,1,12,25.441,True,False,40.293,25.441,14.852
5885,10/27/2017,2017,w,HOU,LAD,Lance McCullers Jr.,Yu Darvish,52.277,55.675,-1.943,14.269,5,3,2,-16.212,True,False,-1.943,-16.212,14.269
3421,10/23/2018,2018,w,BOS,LAD,Chris Sale,Clayton Kershaw,64.089,56.629,50.166,14.184,8,4,4,35.982,True,False,50.166,35.982,14.184
13283,10/21/2014,2014,w,KCR,SFG,James Shields,Madison Bumgarner,54.288,58.533,13.494,40.006,1,7,-6,-26.512,False,True,40.006,26.512,13.494
90438,10/14/1980,1980,w,PHI,KCR,walkb001,leond001,46.209,56.254,5.672,13.379,7,6,1,-7.707,True,False,5.672,-7.707,13.379
90437,10/15/1980,1980,w,PHI,KCR,carls001,gural001,61.508,50.768,5.672,13.379,6,4,2,-7.707,True,False,5.672,-7.707,13.379
80528,10/19/1985,1985,w,KCR,STL,jackd001,tudoj001,52.698,62.354,13.379,7.108,1,3,-2,6.271,False,True,7.108,-6.271,13.379
80527,10/20/1985,1985,w,KCR,STL,leibc001,cox-d001,53.812,52.292,13.379,7.108,2,4,-2,6.271,False,True,7.108,-6.271,13.379
80525,10/23/1985,1985,w,STL,KCR,tudoj001,blacb001,62.281,51.834,7.108,13.379,3,0,3,-6.271,True,False,7.108,-6.271,13.379
90433,10/21/1980,1980,w,PHI,KCR,carls001,galer001,61.004,49.9,5.672,13.379,4,1,3,-7.707,True,False,5.672,-7.707,13.379
90434,10/19/1980,1980,w,KCR,PHI,gural001,bystm001,51.163,50.162,13.379,5.672,3,4,-1,7.707,False,True,5.672,-7.707,13.379
32984,10/26/2006,2006,w,STL,DET,suppj001,Jeremy Bonderman,53.189,55.486,7.108,13.052,5,4,1,-5.944,True,False,7.108,-5.944,13.052
4,10/21/2020,2020,w,LAD,TBD,Tony Gonsolin,Blake Snell,54.975,54.422,13.013,4.01,4,6,-2,9.003,False,True,4.01,-9.003,13.013
18208,10/28/2012,2012,w,DET,SFG,Max Scherzer,Matt Cain,57.608,55.364,12.822,20.464,3,4,-1,-7.6419999999999995,False,True,20.464,7.6419999999999995,12.822
82649,10/9/1984,1984,w,SDP,DET,thurm001,morrj001,50.104,53.801,12.389,3.26,2,3,-1,9.129,False,True,3.26,-9.129,12.389
82647,10/12/1984,1984,w,DET,SDP,wilcm001,lollt001,53.768,47.226,3.26,12.389,5,2,3,-9.129,True,False,3.26,-9.129,12.389
82646,10/13/1984,1984,w,DET,SDP,morrj001,showe001,54.434,46.341,3.26,12.389,4,2,2,-9.129,True,False,3.26,-9.129,12.389
82645,10/14/1984,1984,w,DET,SDP,petrd001,thurm001,52.62,49.529,3.26,12.389,8,4,4,-9.129,True,False,3.26,-9.129,12.389
52679,10/17/1998,1998,w,NYY,SDP,welld001,browk001,61.473,67.444,2.83,12.389,9,6,3,-9.559,True,False,2.83,-9.559,12.389
52678,10/18/1998,1998,w,NYY,SDP,herno001,ashba002,56.982,51.331,2.83,12.389,9,3,6,-9.559,True,False,2.83,-9.559,12.389
52677,10/20/1998,1998,w,SDP,NYY,hitcs001,coned001,54.062,60.582,12.389,2.83,4,5,-1,9.559,False,True,2.83,-9.559,12.389
52676,10/21/1998,1998,w,SDP,NYY,browk001,Andy Pettitte,66.54,50.927,12.389,-20.116,0,3,-3,32.504999999999995,False,True,-20.116,-32.504999999999995,12.389
42835,10/24/2002,2002,w,SFG,ANA,schmj001,washj001,56.562,56.286,4.116,11.812,16,4,12,-7.696,True,False,4.116,-7.696,11.812
42839,10/19/2002,2002,w,ANA,SFG,washj001,schmj001,57.028,57.157,11.812,4.116,3,4,-1,7.696,False,True,4.116,-7.696,11.812
13282,10/22/2014,2014,w,KCR,SFG,Yordano Ventura,Jake Peavy,52.089,52.62,4.333,11.388,7,2,5,-7.055,True,False,4.333,-7.055,11.388
119334,10/13/1965,1965,w,MIN,LAD,granj101,ostec103,53.271,53.08,6.16,11.008,5,1,4,-4.847999999999999,True,False,6.16,-4.847999999999999,11.008
143448,10/6/1947,1947,w,NYY,LAD,sheas101,gregh102,54.528,47.399,2.83,11.008,5,2,3,-8.177999999999999,True,False,2.83,-8.177999999999999,11.008
140964,10/5/1949,1949,w,NYY,LAD,reyna102,newcd101,49.229,56.691,2.83,11.008,1,0,1,-8.177999999999999,True,False,2.83,-8.177999999999999,11.008
89012,10/20/1981,1981,w,NYY,LAD,guidr001,reusj001,55.028,54.653,2.83,11.008,5,3,2,-8.177999999999999,True,False,2.83,-8.177999999999999,11.008
128530,10/1/1959,1959,w,CHW,LAD,wynne101,crair101,55.344,54.668,5.454,11.008,11,0,11,-5.553999999999999,True,False,5.454,-5.553999999999999,11.008
89011,10/21/1981,1981,w,NYY,LAD,johnt001,hootb001,52.692,53.489,2.83,11.008,3,0,3,-8.177999999999999,True,False,2.83,-8.177999999999999,11.008
140962,10/7/1949,1949,w,LAD,NYY,branr103,byrnt101,50.193,52.01,11.008,2.83,3,4,-1,8.177999999999999,False,True,2.83,-8.177999999999999,11.008
140961,10/8/1949,1949,w,LAD,NYY,newcd101,lopae101,58.173,52.467,11.008,2.83,4,6,-2,8.177999999999999,False,True,2.83,-8.177999999999999,11.008
140960,10/9/1949,1949,w,LAD,NYY,barnr103,rascv101,53.062,53.293,11.008,2.83,6,10,-4,8.177999999999999,False,True,2.83,-8.177999999999999,11.008
137232,10/2/1952,1952,w,LAD,NYY,erskc101,rascv101,52.026,56.031,11.008,2.83,1,7,-6,8.177999999999999,False,True,2.83,-8.177999999999999,11.008
137230,10/4/1952,1952,w,NYY,LAD,reyna102,blacj103,58.108,48.615,2.83,11.008,2,0,2,-8.177999999999999,True,False,2.83,-8.177999999999999,11.008
137228,10/6/1952,1952,w,LAD,NYY,loesb101,rascv101,51.259,57.25,11.008,2.83,2,3,-1,8.177999999999999,False,True,2.83,-8.177999999999999,11.008
137227,10/7/1952,1952,w,LAD,NYY,blacj103,lopae101,49.004,57.228,11.008,2.83,2,4,-2,8.177999999999999,False,True,2.83,-8.177999999999999,11.008
132253,10/10/1956,1956,w,LAD,NYY,newcd101,kuckj101,54.523,49.687,11.008,2.83,0,9,-9,8.177999999999999,False,True,2.83,-8.177999999999999,11.008
135986,9/30/1953,1953,w,NYY,LAD,reyna102,erskc101,55.039,57.492,2.83,11.008,9,5,4,-8.177999999999999,True,False,2.83,-8.177999999999999,11.008
132255,10/8/1956,1956,w,NYY,LAD,larsd102,magls101,52.822,56.41,2.83,11.008,2,0,2,-8.177999999999999,True,False,2.83,-8.177999999999999,11.008
133504,9/29/1955,1955,w,NYY,LAD,byrnt101,loesb101,49.978,52.181,2.83,11.008,4,2,2,-8.177999999999999,True,False,2.83,-8.177999999999999,11.008
74161,10/18/1988,1988,w,OAK,LAD,welcb001,tudoj001,50.883,51.372,10.951,11.008,2,1,1,-0.05699999999999861,True,False,10.951,-0.05699999999999861,11.008
132256,10/7/1956,1956,w,NYY,LAD,sturt101,erskc101,52.856,48.36,2.83,11.008,6,2,4,-8.177999999999999,True,False,2.83,-8.177999999999999,11.008
132257,10/6/1956,1956,w,NYY,LAD,fordw101,crair101,57.929,49.572,2.83,11.008,5,3,2,-8.177999999999999,True,False,2.83,-8.177999999999999,11.008
135985,10/1/1953,1953,w,NYY,LAD,lopae101,roe-p101,58.015,50.915,2.83,11.008,4,2,2,-8.177999999999999,True,False,2.83,-8.177999999999999,11.008
135982,10/4/1953,1953,w,LAD,NYY,podrj101,mcdoj104,47.195,49.801,11.008,2.83,7,11,-4,8.177999999999999,False,True,2.83,-8.177999999999999,11.008
135981,10/5/1953,1953,w,NYY,LAD,fordw101,erskc101,52.697,57.581,2.83,11.008,4,3,1,-8.177999999999999,True,False,2.83,-8.177999999999999,11.008
133500,10/3/1955,1955,w,NYY,LAD,fordw101,spook101,56.889,49.276,2.83,11.008,5,1,4,-8.177999999999999,True,False,2.83,-8.177999999999999,11.008
128526,10/6/1959,1959,w,LAD,CHW,koufs101,shawb103,49.888,53.008,11.008,5.454,0,1,-1,5.553999999999999,False,True,5.454,-5.553999999999999,11.008
143450,10/4/1947,1947,w,LAD,NYY,barnr103,sheas101,42.575,53.353,11.008,2.83,1,2,-1,8.177999999999999,False,True,2.83,-8.177999999999999,11.008
117716,10/6/1966,1966,w,LAD,BAL,koufs101,palmj001,64.546,49.821,11.008,8.374,0,6,-6,2.6339999999999986,False,True,8.374,-2.6339999999999986,11.008
94665,10/17/1978,1978,w,LAD,NYY,suttd001,huntj101,50.84,49.477,11.008,2.83,2,7,-5,8.177999999999999,False,True,2.83,-8.177999999999999,11.008
117715,10/8/1966,1966,w,BAL,LAD,bunkw101,ostec103,46.084,49.621,8.374,11.008,1,0,1,-2.6339999999999986,True,False,8.374,-2.6339999999999986,11.008
119338,10/7/1965,1965,w,MIN,LAD,kaatj101,koufs101,49.444,66.595,6.16,11.008,5,1,4,-4.847999999999999,True,False,6.16,-4.847999999999999,11.008
117714,10/9/1966,1966,w,BAL,LAD,mcnad102,drysd101,47.434,51.751,8.374,11.008,1,0,1,-2.6339999999999986,True,False,8.374,-2.6339999999999986,11.008
102801,10/12/1974,1974,w,LAD,OAK,messa101,holtk101,54.857,54.143,11.008,10.951,2,3,-1,0.05699999999999861,False,True,10.951,-0.05699999999999861,11.008
102799,10/15/1974,1974,w,OAK,LAD,huntj101,downa101,57.858,47.889,10.951,11.008,3,2,1,-0.05699999999999861,True,False,10.951,-0.05699999999999861,11.008
102798,10/16/1974,1974,w,OAK,LAD,holtk101,messa101,53.859,54.948,10.951,11.008,5,2,3,-0.05699999999999861,True,False,10.951,-0.05699999999999861,11.008
102797,10/17/1974,1974,w,OAK,LAD,bluev001,suttd001,54.607,57.003,10.951,11.008,3,2,1,-0.05699999999999861,True,False,10.951,-0.05699999999999861,11.008
150904,10/6/1941,1941,w,LAD,NYY,wyatw101,bonht101,61.218,55.332,11.008,2.83,1,3,-2,8.177999999999999,False,True,2.83,-8.177999999999999,11.008
96786,10/11/1977,1977,w,NYY,LAD,gulld101,suttd001,53.625,56.499,2.83,11.008,4,3,1,-8.177999999999999,True,False,2.83,-8.177999999999999,11.008
119339,10/6/1965,1965,w,MIN,LAD,granj101,drysd101,54.06,54.421,6.16,11.008,8,2,6,-4.847999999999999,True,False,6.16,-4.847999999999999,11.008
150905,10/5/1941,1941,w,LAD,NYY,higbk101,donaa101,53.271,54.127,11.008,2.83,4,7,-3,8.177999999999999,False,True,2.83,-8.177999999999999,11.008
96784,10/14/1977,1977,w,LAD,NYY,johnt001,torrm001,56.581,52.11,11.008,2.83,3,5,-2,8.177999999999999,False,True,2.83,-8.177999999999999,11.008
96783,10/15/1977,1977,w,LAD,NYY,rau-d101,guidr001,53.146,58.29,11.008,2.83,2,4,-2,8.177999999999999,False,True,2.83,-8.177999999999999,11.008
143454,9/30/1947,1947,w,NYY,LAD,sheas101,branr103,52.868,54.629,2.83,11.008,5,3,2,-8.177999999999999,True,False,2.83,-8.177999999999999,11.008
150906,10/4/1941,1941,w,LAD,NYY,fitzf101,russm101,53.671,56.902,11.008,2.83,1,2,-1,8.177999999999999,False,True,2.83,-8.177999999999999,11.008
96781,10/18/1977,1977,w,NYY,LAD,torrm001,hootb001,52.737,57.783,2.83,11.008,8,4,4,-8.177999999999999,True,False,2.83,-8.177999999999999,11.008
150908,10/1/1941,1941,w,NYY,LAD,ruffr101,davic103,53.092,56.191,2.83,11.008,3,2,1,-8.177999999999999,True,False,2.83,-8.177999999999999,11.008
94668,10/13/1978,1978,w,NYY,LAD,guidr001,suttd001,66.53,51.601,2.83,11.008,5,1,4,-8.177999999999999,True,False,2.83,-8.177999999999999,11.008
143453,10/1/1947,1947,w,NYY,LAD,reyna102,lombv101,51.296,52.606,2.83,11.008,10,3,7,-8.177999999999999,True,False,2.83,-8.177999999999999,11.008
94667,10/14/1978,1978,w,NYY,LAD,figue101,johnt001,50.502,51.136,2.83,11.008,4,3,1,-8.177999999999999,True,False,2.83,-8.177999999999999,11.008
94666,10/15/1978,1978,w,NYY,LAD,beatj001,hootb001,50.062,55.611,2.83,11.008,12,2,10,-8.177999999999999,True,False,2.83,-8.177999999999999,11.008
117717,10/5/1966,1966,w,LAD,BAL,drysd101,mcnad102,53.396,48.362,11.008,8.374,2,5,-3,2.6339999999999986,False,True,8.374,-2.6339999999999986,11.008
133505,9/28/1955,1955,w,NYY,LAD,fordw101,newcd101,57.666,52.216,2.83,11.008,6,5,1,-8.177999999999999,True,False,2.83,-8.177999999999999,11.008
176909,10/5/1920,1920,w,LAD,CLE,marqr102,coves101,52.436,59.117,11.008,-2.335,1,3,-2,13.343,False,True,-2.335,-13.343,11.008
181549,10/7/1916,1916,w,BOS,LAD,shore101,marqr102,54.829,53.588,7.251,11.008,6,5,1,-3.756999999999999,True,False,7.251,-3.756999999999999,11.008
181548,10/9/1916,1916,w,BOS,LAD,ruthb101,smits102,58.196,49.912,7.251,11.008,2,1,1,-3.756999999999999,True,False,7.251,-3.756999999999999,11.008
176905,10/10/1920,1920,w,CLE,LAD,bagbj101,grimb101,55.207,56.325,-2.335,11.008,8,1,7,-13.343,True,False,-2.335,-13.343,11.008
181546,10/11/1916,1916,w,LAD,BOS,marqr102,leond102,52.644,53.489,11.008,7.251,2,6,-4,3.756999999999999,False,True,7.251,-3.756999999999999,11.008
176904,10/11/1920,1920,w,CLE,LAD,mailw101,smits102,52.081,52.517,-2.335,11.008,1,0,1,-13.343,True,False,-2.335,-13.343,11.008
176903,10/12/1920,1920,w,CLE,LAD,coves101,grimb101,60.668,54.376,-2.335,11.008,3,0,3,-13.343,True,False,-2.335,-13.343,11.008
181545,10/12/1916,1916,w,BOS,LAD,shore101,pfefj101,54.249,56.103,7.251,11.008,4,1,3,-3.756999999999999,True,False,7.251,-3.756999999999999,11.008
176906,10/9/1920,1920,w,CLE,LAD,coves101,cadol101,59.822,52.54,-2.335,11.008,5,1,4,-13.343,True,False,-2.335,-13.343,11.008
69921,10/19/1990,1990,w,OAK,CIN,moorm001,browt001,47.863,48.374,10.951,6.625,3,8,-5,4.3260000000000005,False,True,6.625,-4.3260000000000005,10.951
69920,10/20/1990,1990,w,OAK,CIN,stewd001,rijoj001,57.557,58.621,10.951,6.625,1,2,-1,4.3260000000000005,False,True,6.625,-4.3260000000000005,10.951
106719,10/18/1972,1972,w,OAK,CIN,odomj101,billj101,48.836,52.598,10.951,6.625,0,1,-1,4.3260000000000005,False,True,6.625,-4.3260000000000005,10.951
69922,10/17/1990,1990,w,CIN,OAK,jackd001,welcb001,50.618,53.353,6.625,10.951,5,4,1,-4.3260000000000005,True,False,6.625,-4.3260000000000005,10.951
69923,10/16/1990,1990,w,CIN,OAK,rijoj001,stewd001,58.135,59.068,6.625,10.951,7,0,7,-4.3260000000000005,True,False,6.625,-4.3260000000000005,10.951
74159,10/20/1988,1988,w,OAK,LAD,davis001,herso001,46.919,61.191,10.951,11.008,2,5,-3,-0.05699999999999861,False,True,11.008,0.05699999999999861,10.951
74160,10/19/1988,1988,w,OAK,LAD,stewd001,belct001,56.757,53.634,10.951,11.008,3,4,-1,-0.05699999999999861,False,True,11.008,0.05699999999999861,10.951
74163,10/15/1988,1988,w,LAD,OAK,belct001,stewd001,54.994,57.117,11.008,10.951,5,4,1,0.05699999999999861,True,False,11.008,0.05699999999999861,10.951
106717,10/20/1972,1972,w,OAK,CIN,huntj101,mcglj101,59.575,45.576,10.951,6.625,4,5,-1,4.3260000000000005,False,True,6.625,-4.3260000000000005,10.951
106716,10/21/1972,1972,w,CIN,OAK,nolag101,bluev001,54.005,53.87,6.625,10.951,8,1,7,-4.3260000000000005,True,False,6.625,-4.3260000000000005,10.951
163278,10/10/1931,1931,w,STL,OAK,grimb101,earng101,54.291,60.546,7.108,10.951,4,2,2,-3.843000000000001,True,False,7.108,-3.843000000000001,10.951
104760,10/14/1973,1973,w,OAK,NYM,bluev001,koosj001,53.123,54.29,10.951,7.922,7,10,-3,3.029000000000001,False,True,7.922,-3.029000000000001,10.951
163280,10/7/1931,1931,w,OAK,STL,hoytw101,hallb104,46.379,56.318,10.951,7.108,1,5,-4,3.843000000000001,False,True,7.108,-3.843000000000001,10.951
74162,10/16/1988,1988,w,LAD,OAK,herso001,davis001,59.964,48.342,11.008,10.951,6,0,6,0.05699999999999861,True,False,11.008,0.05699999999999861,10.951
164524,10/4/1930,1930,w,STL,OAK,hallb104,walbr101,55.901,52.175,7.108,10.951,5,0,5,-3.843000000000001,True,False,7.108,-3.843000000000001,10.951
104758,10/17/1973,1973,w,NYM,OAK,matlj101,holtk101,57.033,53.127,7.922,10.951,6,1,5,-3.029000000000001,True,False,7.922,-3.029000000000001,10.951
184047,10/13/1914,1914,w,ATL,OAK,rudod101,shawb102,61.178,49.603,9.185,10.951,3,1,2,-1.766,True,False,9.185,-1.766,10.951
185310,10/8/1913,1913,w,OAK,SFG,plane101,mathc102,50.419,56.797,10.951,4.116,0,3,-3,6.835000000000001,False,True,4.116,-6.835000000000001,10.951
184048,10/12/1914,1914,w,ATL,OAK,tylel101,bushj102,53.513,49.796,9.185,10.951,5,4,1,-1.766,True,False,9.185,-1.766,10.951
163283,10/2/1931,1931,w,STL,OAK,hallb104,earng101,54.97,58.147,7.108,10.951,2,0,2,-3.843000000000001,True,False,7.108,-3.843000000000001,10.951
163282,10/5/1931,1931,w,OAK,STL,grovl101,grimb101,64.977,53.154,10.951,7.108,2,5,-3,3.843000000000001,False,True,7.108,-3.843000000000001,10.951
184049,10/10/1914,1914,w,OAK,ATL,plane101,jameb102,51.722,57.651,10.951,9.185,0,1,-1,1.766,False,True,9.185,-1.766,10.951
102800,10/13/1974,1974,w,LAD,OAK,suttd001,bluev001,56.497,54.614,11.008,10.951,3,2,1,0.05699999999999861,True,False,11.008,0.05699999999999861,10.951
164523,10/5/1930,1930,w,STL,OAK,hainj101,grovl101,50.87,62.302,7.108,10.951,3,1,2,-3.843000000000001,True,False,7.108,-3.843000000000001,10.951
184050,10/9/1914,1914,w,OAK,ATL,bendc101,rudod101,55.61,60.407,10.951,9.185,1,7,-6,1.766,False,True,9.185,-1.766,10.951
165763,10/11/1929,1929,w,OAK,CHC,earng101,bushg101,56.355,49.305,10.951,8.192,1,3,-2,2.7590000000000003,False,True,8.192,-2.7590000000000003,10.951
104757,10/18/1973,1973,w,NYM,OAK,koosj001,bluev001,53.276,52.206,7.922,10.951,2,0,2,-3.029000000000001,True,False,7.922,-3.029000000000001,10.951
65677,10/17/1992,1992,w,ATL,TOR,glavt001,morrj001,52.998,54.014,9.185,10.233,3,1,2,-1.048,True,False,9.185,-1.048,10.233
63389,10/17/1993,1993,w,TOR,PHI,stewd001,mulht001,51.9,52.751,10.233,5.672,4,6,-2,4.561000000000001,False,True,5.672,-4.561000000000001,10.233
63386,10/21/1993,1993,w,PHI,TOR,schic002,guzmj003,54.125,56.048,5.672,10.233,2,0,2,-4.561000000000001,True,False,5.672,-4.561000000000001,10.233
65673,10/22/1992,1992,w,TOR,ATL,morrj001,smolj001,53.952,57.127,10.233,9.185,2,7,-5,1.048,False,True,9.185,-1.048,10.233
86890,10/13/1982,1982,w,STL,MIL,stupj001,suttd001,49.981,56.33,7.108,10.061,5,4,1,-2.9530000000000003,True,False,7.108,-2.9530000000000003,10.061
86889,10/15/1982,1982,w,MIL,STL,vuckp001,anduj001,51.006,57.028,10.061,7.108,2,6,-4,2.9530000000000003,False,True,7.108,-2.9530000000000003,10.061
86886,10/19/1982,1982,w,STL,MIL,stupj001,suttd001,49.387,56.141,7.108,10.061,13,1,12,-2.9530000000000003,True,False,7.108,-2.9530000000000003,10.061
86885,10/20/1982,1982,w,STL,MIL,anduj001,vuckp001,57.952,50.623,7.108,10.061,6,3,3,-2.9530000000000003,True,False,7.108,-2.9530000000000003,10.061
15739,10/30/2013,2013,w,BOS,STL,John Lackey,Michael Wacha,54.102,54.703,6.853,9.532,6,1,5,-2.6790000000000003,True,False,6.853,-2.6790000000000003,9.532
129769,10/9/1958,1958,w,ATL,NYY,burdl101,larsd102,57.026,52.726,9.185,2.83,2,6,-4,6.355,False,True,2.83,-6.355,9.185
142205,10/11/1948,1948,w,ATL,CLE,voisb101,lemob101,47.707,56.641,9.185,-2.335,3,4,-1,11.52,False,True,-2.335,-11.52,9.185
142207,10/9/1948,1948,w,CLE,ATL,groms101,sainj101,52.902,58.297,-2.335,9.185,2,1,1,-11.52,True,False,-2.335,-11.52,9.185
142208,10/8/1948,1948,w,CLE,ATL,bearg102,bickv101,56.227,51.277,-2.335,9.185,2,0,2,-11.52,True,False,-2.335,-11.52,9.185
142209,10/7/1948,1948,w,ATL,CLE,spahw101,lemob101,53.988,56.014,9.185,-2.335,1,4,-3,11.52,False,True,-2.335,-11.52,9.185
67802,10/20/1991,1991,w,MIN,ATL,tapak001,glavt001,54.241,55.989,6.16,9.185,3,2,1,-3.0250000000000004,True,False,6.16,-3.0250000000000004,9.185
129770,10/8/1958,1958,w,ATL,NYY,spahw101,fordw101,59.022,58.148,9.185,2.83,3,4,-1,6.355,False,True,2.83,-6.355,9.185
129771,10/6/1958,1958,w,NYY,ATL,turlb101,burdl101,52.107,58.281,2.83,9.185,7,0,7,-6.355,True,False,2.83,-6.355,9.185
67798,10/26/1991,1991,w,MIN,ATL,erics001,avers001,50.813,55.471,6.16,9.185,4,3,1,-3.0250000000000004,True,False,6.16,-3.0250000000000004,9.185
67797,10/27/1991,1991,w,MIN,ATL,morrj001,smolj001,56.698,58.622,6.16,9.185,1,0,1,-3.0250000000000004,True,False,6.16,-3.0250000000000004,9.185
67803,10/19/1991,1991,w,MIN,ATL,morrj001,leibc001,56.434,52.591,6.16,9.185,5,2,3,-3.0250000000000004,True,False,6.16,-3.0250000000000004,9.185
65676,10/18/1992,1992,w,ATL,TOR,smolj001,coned001,56.837,56.121,9.185,10.233,4,5,-1,-1.048,False,True,10.233,1.048,9.185
50220,10/23/1999,1999,w,ATL,NYY,maddg002,herno001,57.072,58.492,9.185,2.83,1,4,-3,6.355,False,True,2.83,-6.355,9.185
131015,10/5/1957,1957,w,ATL,NYY,buhlb101,turlb101,52.424,55.231,9.185,2.83,3,12,-9,6.355,False,True,2.83,-6.355,9.185
57438,10/26/1996,1996,w,NYY,ATL,key-j001,maddg002,54.667,63.813,2.83,9.185,3,2,1,-6.355,True,False,2.83,-6.355,9.185
57439,10/24/1996,1996,w,ATL,NYY,smolj001,Andy Pettitte,64.777,54.679,9.185,13.564,0,1,-1,-4.379,False,True,13.564,4.379,9.185
65675,10/20/1992,1992,w,TOR,ATL,guzmj003,avers001,57.901,51.903,10.233,9.185,3,2,1,1.048,True,False,10.233,1.048,9.185
57440,10/23/1996,1996,w,ATL,NYY,neagd001,rogek001,54.258,52.934,9.185,2.83,6,8,-2,6.355,False,True,2.83,-6.355,9.185
57441,10/22/1996,1996,w,ATL,NYY,glavt001,coned001,59.337,58.82,9.185,2.83,2,5,-3,6.355,False,True,2.83,-6.355,9.185
50218,10/26/1999,1999,w,NYY,ATL,Andy Pettitte,glavt001,51.346,54.483,-13.104,9.185,6,5,1,-22.289,True,False,-13.104,-22.289,9.185
50219,10/24/1999,1999,w,ATL,NYY,millk004,coned001,62.848,55.922,9.185,2.83,2,7,-5,6.355,False,True,2.83,-6.355,9.185
59738,10/26/1995,1995,w,CLE,ATL,herso001,maddg002,58.477,70.266,-2.335,9.185,5,4,1,-11.52,True,False,-2.335,-11.52,9.185
131017,10/2/1957,1957,w,NYY,ATL,fordw101,spahw101,54.603,57.81,2.83,9.185,3,1,2,-6.355,True,False,2.83,-6.355,9.185
50217,10/27/1999,1999,w,NYY,ATL,clemr001,smolj001,57.221,59.699,2.83,9.185,4,1,3,-6.355,True,False,2.83,-6.355,9.185
65674,10/21/1992,1992,w,TOR,ATL,key-j001,glavt001,53.485,54.571,10.233,9.185,2,1,1,1.048,True,False,10.233,1.048,9.185
59740,10/24/1995,1995,w,CLE,ATL,nagyc001,smolj001,54.798,57.749,-2.335,9.185,7,6,1,-11.52,True,False,-2.335,-11.52,9.185
131012,10/9/1957,1957,w,NYY,ATL,turlb101,buhlb101,54.538,51.359,2.83,9.185,3,2,1,-6.355,True,False,2.83,-6.355,9.185
129773,10/4/1958,1958,w,NYY,ATL,larsd102,rushb101,51.751,50.581,2.83,9.185,4,0,4,-6.355,True,False,2.83,-6.355,9.185
65672,10/24/1992,1992,w,ATL,TOR,avers001,coned001,52.688,55.278,9.185,10.233,3,4,-1,-1.048,False,True,10.233,1.048,9.185
18210,10/25/2012,2012,w,SFG,DET,Madison Bumgarner,Doug Fister,50.519,56.584,-0.639,9.132,2,0,2,-9.770999999999999,True,False,-0.639,-9.770999999999999,9.132
28066,10/25/2008,2008,w,PHI,TBD,moyej001,Matt Garza,50.492,54.36,5.672,9.029,5,4,1,-3.357,True,False,5.672,-3.357,9.029
13279,10/26/2014,2014,w,SFG,KCR,Madison Bumgarner,James Shields,58.99,52.899,42.986,8.958,5,0,5,34.028,True,False,42.986,34.028,8.958
3417,10/28/2018,2018,w,LAD,BOS,Clayton Kershaw,David Price,55.72,55.904,8.778,11.191,1,5,-4,-2.4130000000000003,False,True,11.191,2.4130000000000003,8.778
5881,11/1/2017,2017,w,LAD,HOU,Yu Darvish,Lance McCullers Jr.,54.153,52.171,8.625,-3.631,1,5,-4,12.256,False,True,-3.631,-12.256,8.625
147188,10/5/1944,1944,w,STL,BAL,lanim101,pottn102,55.236,56.807,7.108,8.374,3,2,1,-1.266000000000001,True,False,7.108,-1.266000000000001,8.374
84767,10/11/1983,1983,w,BAL,PHI,mcgrs001,dennj001,52.764,56.464,8.374,5.672,1,2,-1,2.702000000000001,False,True,5.672,-2.702000000000001,8.374
147186,10/7/1944,1944,w,BAL,STL,jakus101,brech101,48.315,56.16,8.374,7.108,1,5,-4,1.266000000000001,False,True,7.108,-1.266000000000001,8.374
147184,10/9/1944,1944,w,STL,BAL,lanim101,pottn102,55.532,57.036,7.108,8.374,3,1,2,-1.266000000000001,True,False,7.108,-1.266000000000001,8.374
112501,10/12/1969,1969,w,BAL,NYM,mcnad102,koosj001,53.938,55.637,8.374,7.922,1,2,-1,0.45200000000000085,False,True,7.922,-0.45200000000000085,8.374
147185,10/8/1944,1944,w,BAL,STL,galed101,coopm101,55.61,58.936,8.374,7.108,0,2,-2,1.266000000000001,False,True,7.108,-1.266000000000001,8.374
112498,10/16/1969,1969,w,NYM,BAL,koosj001,mcnad102,56.752,54.404,7.922,8.374,5,3,2,-0.45200000000000085,True,False,7.922,-0.45200000000000085,8.374
112500,10/14/1969,1969,w,NYM,BAL,gentg101,palmj001,50.899,56.506,7.922,8.374,5,0,5,-0.45200000000000085,True,False,7.922,-0.45200000000000085,8.374
112499,10/15/1969,1969,w,NYM,BAL,seavt001,cuelm101,58.848,59.111,7.922,8.374,2,1,1,-0.45200000000000085,True,False,7.922,-0.45200000000000085,8.374
110544,10/14/1970,1970,w,BAL,CIN,palmj001,nolag101,59.291,54.499,8.374,6.625,5,6,-1,1.7490000000000006,False,True,6.625,-1.7490000000000006,8.374
108595,10/12/1971,1971,w,PIT,BAL,blass101,cuelm101,51.366,54.296,6.884,8.374,5,1,4,-1.4900000000000002,True,False,6.884,-1.4900000000000002,8.374
108594,10/13/1971,1971,w,PIT,BAL,walkl101,dobsp101,50.658,54.125,6.884,8.374,4,3,1,-1.4900000000000002,True,False,6.884,-1.4900000000000002,8.374
108593,10/14/1971,1971,w,PIT,BAL,briln101,mcnad102,46.227,55.13,6.884,8.374,4,0,4,-1.4900000000000002,True,False,6.884,-1.4900000000000002,8.374
92552,10/17/1979,1979,w,BAL,PIT,mcgrs001,bibbj001,55.912,56.189,8.374,6.884,1,4,-3,1.4900000000000002,False,True,6.884,-1.4900000000000002,8.374
92553,10/16/1979,1979,w,BAL,PIT,palmj001,candj001,55.221,53.174,8.374,6.884,0,4,-4,1.4900000000000002,False,True,6.884,-1.4900000000000002,8.374
92557,10/11/1979,1979,w,BAL,PIT,palmj001,blylb001,55.09,54.479,8.374,6.884,2,3,-1,1.4900000000000002,False,True,6.884,-1.4900000000000002,8.374
108591,10/17/1971,1971,w,BAL,PIT,cuelm101,blass101,53.241,52.829,8.374,6.884,1,2,-1,1.4900000000000002,False,True,6.884,-1.4900000000000002,8.374
92554,10/14/1979,1979,w,PIT,BAL,rookj101,flanm001,44.814,57.328,6.884,8.374,7,1,6,-1.4900000000000002,True,False,6.884,-1.4900000000000002,8.374
154631,10/9/1938,1938,w,NYY,CHC,ruffr101,lee-b103,58.4,57.311,2.83,8.192,8,3,5,-5.362,True,False,2.83,-5.362,8.192
154632,10/8/1938,1938,w,NYY,CHC,pearm101,bryac101,53.717,54.225,2.83,8.192,5,2,3,-5.362,True,False,2.83,-5.362,8.192
154634,10/5/1938,1938,w,CHC,NYY,lee-b103,ruffr101,56.928,57.631,8.192,2.83,1,3,-2,5.362,False,True,2.83,-5.362,8.192
154633,10/6/1938,1938,w,CHC,NYY,deand102,gomel102,58.71,60.244,8.192,2.83,3,6,-3,5.362,False,True,2.83,-5.362,8.192
165761,10/14/1929,1929,w,OAK,CHC,ehmkh101,malop103,54.808,56.775,10.951,8.192,3,2,1,2.7590000000000003,True,False,10.951,2.7590000000000003,8.192
165762,10/12/1929,1929,w,OAK,CHC,quinj102,rootc101,52.126,57.52,10.951,8.192,10,8,2,2.7590000000000003,True,False,10.951,2.7590000000000003,8.192
158346,10/7/1935,1935,w,DET,CHC,bridt101,frenl101,56.177,56.829,3.26,8.192,4,3,1,-4.932,True,False,3.26,-4.932,8.192
179270,9/11/1918,1918,w,BOS,CHC,maysc101,tylel101,58.704,56.331,7.251,8.192,2,1,1,-0.9409999999999998,True,False,7.251,-0.9409999999999998,8.192
165764,10/9/1929,1929,w,CHC,OAK,malop103,earng101,58.07,56.732,8.192,10.951,3,9,-6,-2.7590000000000003,False,True,10.951,2.7590000000000003,8.192
165765,10/8/1929,1929,w,CHC,OAK,rootc101,ehmkh101,56.739,53.113,8.192,10.951,1,3,-2,-2.7590000000000003,False,True,10.951,2.7590000000000003,8.192
162044,9/28/1932,1932,w,NYY,CHC,ruffr101,bushg101,57.816,53.05,2.83,8.192,12,6,6,-5.362,True,False,2.83,-5.362,8.192
162043,9/29/1932,1932,w,NYY,CHC,gomel102,warnl101,53.019,57.246,2.83,8.192,5,2,3,-5.362,True,False,2.83,-5.362,8.192
162042,10/1/1932,1932,w,CHC,NYY,rootc101,pipgg101,54.015,49.911,8.192,2.83,5,7,-2,5.362,False,True,2.83,-5.362,8.192
162041,10/2/1932,1932,w,CHC,NYY,bushg101,allej102,52.407,54.261,8.192,2.83,6,13,-7,5.362,False,True,2.83,-5.362,8.192
179275,9/5/1918,1918,w,CHC,BOS,vaugh101,ruthb101,57.515,58.848,8.192,7.251,0,1,-1,0.9409999999999998,False,True,7.251,-0.9409999999999998,8.192
179273,9/7/1918,1918,w,CHC,BOS,vaugh101,maysc101,58.0,58.249,8.192,7.251,1,2,-1,0.9409999999999998,False,True,7.251,-0.9409999999999998,8.192
158350,10/3/1935,1935,w,DET,CHC,bridt101,rootc101,55.697,52.053,3.26,8.192,8,3,5,-4.932,True,False,3.26,-4.932,8.192
145952,10/4/1945,1945,w,DET,CHC,trucv101,wyseh101,53.799,55.454,3.26,8.192,4,1,3,-4.932,True,False,3.26,-4.932,8.192
158348,10/5/1935,1935,w,CHC,DET,carlt101,crowg102,52.383,51.408,8.192,3.26,1,2,-1,4.932,False,True,3.26,-4.932,8.192
179272,9/9/1918,1918,w,BOS,CHC,ruthb101,tylel101,59.532,56.38,7.251,8.192,3,2,1,-0.9409999999999998,True,False,7.251,-0.9409999999999998,8.192
158349,10/4/1935,1935,w,CHC,DET,lee-b103,aukee101,55.472,53.277,8.192,3.26,5,6,-1,4.932,False,True,3.26,-4.932,8.192
145949,10/7/1945,1945,w,CHC,DET,boroh101,newhh101,55.758,62.299,8.192,3.26,4,8,-4,4.932,False,True,3.26,-4.932,8.192
145947,10/10/1945,1945,w,CHC,DET,boroh101,newhh101,54.916,62.549,8.192,3.26,3,9,-6,4.932,False,True,3.26,-4.932,8.192
145950,10/6/1945,1945,w,CHC,DET,primr101,troud101,55.385,51.194,8.192,3.26,1,4,-3,4.932,False,True,3.26,-4.932,8.192
104756,10/20/1973,1973,w,OAK,NYM,huntj101,seavt001,52.821,62.298,10.951,7.922,3,1,2,3.029000000000001,True,False,10.951,3.029000000000001,7.922
104761,10/13/1973,1973,w,OAK,NYM,holtk101,matlj101,53.17,56.844,10.951,7.922,2,1,1,3.029000000000001,True,False,10.951,3.029000000000001,7.922
78401,10/23/1986,1986,w,BOS,NYM,hursb001,goodd001,57.492,57.803,7.251,7.922,4,2,2,-0.6709999999999994,True,False,7.251,-0.6709999999999994,7.922
78405,10/18/1986,1986,w,NYM,BOS,darlr001,hursb001,53.956,56.589,7.922,7.251,0,1,-1,0.6709999999999994,False,True,7.251,-0.6709999999999994,7.922
78404,10/19/1986,1986,w,NYM,BOS,goodd001,clemr001,59.299,62.534,7.922,7.251,3,9,-6,0.6709999999999994,False,True,7.251,-0.6709999999999994,7.922
47761,10/21/2000,2000,w,NYY,NYM,Andy Pettitte,leita001,53.194,58.482,4.221,7.922,4,3,1,-3.7009999999999996,True,False,4.221,-3.7009999999999996,7.922
104755,10/21/1973,1973,w,OAK,NYM,holtk101,matlj101,51.568,57.828,10.951,7.922,5,2,3,3.029000000000001,True,False,10.951,3.029000000000001,7.922
104759,10/16/1973,1973,w,NYM,OAK,seavt001,huntj101,61.833,53.211,7.922,10.951,2,3,-1,-3.029000000000001,False,True,10.951,3.029000000000001,7.922
47760,10/22/2000,2000,w,NYY,NYM,clemr001,hampm001,57.878,59.616,2.83,7.922,6,5,1,-5.092,True,False,2.83,-5.092,7.922
47758,10/25/2000,2000,w,NYM,NYY,joneb003,neagd001,50.159,50.995,7.922,2.83,2,3,-1,5.092,False,True,2.83,-5.092,7.922
47757,10/26/2000,2000,w,NYM,NYY,leita001,Andy Pettitte,58.943,53.512,7.922,3.826,2,4,-2,4.096,False,True,3.826,-4.096,7.922
112502,10/11/1969,1969,w,BAL,NYM,cuelm101,seavt001,58.568,59.662,8.374,7.922,4,1,3,0.45200000000000085,True,False,8.374,0.45200000000000085,7.922
13278,10/28/2014,2014,w,KCR,SFG,Yordano Ventura,Jake Peavy,51.846,51.763,4.023,7.45,10,0,10,-3.4270000000000005,True,False,4.023,-3.4270000000000005,7.45
182801,10/8/1915,1915,w,PHI,BOS,alexg102,shore101,65.363,57.539,5.672,7.251,3,1,2,-1.5790000000000006,True,False,5.672,-1.5790000000000006,7.251
100855,10/12/1975,1975,w,BOS,CIN,lee-b101,billj101,49.809,44.824,7.251,6.625,2,3,-1,0.6260000000000003,False,True,6.625,-0.6260000000000003,7.251
144698,10/15/1946,1946,w,STL,BOS,dickm101,ferrd101,54.013,52.921,7.108,7.251,4,3,1,-0.14300000000000068,True,False,7.108,-0.14300000000000068,7.251
144703,10/7/1946,1946,w,STL,BOS,brech101,harrm101,59.225,50.438,7.108,7.251,3,0,3,-0.14300000000000068,True,False,7.108,-0.14300000000000068,7.251
181547,10/10/1916,1916,w,LAD,BOS,coomj101,maysc101,48.848,51.702,11.008,7.251,4,3,1,3.756999999999999,True,False,11.008,3.756999999999999,7.251
144701,10/10/1946,1946,w,BOS,STL,hught102,mungr101,60.256,54.615,7.251,7.108,3,12,-9,0.14300000000000068,False,True,7.108,-0.14300000000000068,7.251
179274,9/6/1918,1918,w,CHC,BOS,tylel101,bushj102,56.238,54.626,8.192,7.251,3,1,2,0.9409999999999998,True,False,8.192,0.9409999999999998,7.251
144699,10/13/1946,1946,w,STL,BOS,brech101,harrm101,60.207,50.742,7.108,7.251,4,1,3,-0.14300000000000068,True,False,7.108,-0.14300000000000068,7.251
116093,10/4/1967,1967,w,BOS,STL,santj101,gibsb101,47.628,56.978,7.251,7.108,1,2,-1,0.14300000000000068,False,True,7.108,-0.14300000000000068,7.251
116091,10/7/1967,1967,w,STL,BOS,briln101,bellg102,52.207,49.269,7.108,7.251,5,2,3,-0.14300000000000068,True,False,7.108,-0.14300000000000068,7.251
116090,10/8/1967,1967,w,STL,BOS,gibsb101,santj101,57.932,47.882,7.108,7.251,6,0,6,-0.14300000000000068,True,False,7.108,-0.14300000000000068,7.251
116087,10/12/1967,1967,w,BOS,STL,lonbj101,gibsb101,56.289,58.929,7.251,7.108,2,7,-5,0.14300000000000068,False,True,7.108,-0.14300000000000068,7.251
100852,10/16/1975,1975,w,CIN,BOS,gulld101,clevr101,54.77,49.528,6.625,7.251,6,2,4,-0.6260000000000003,True,False,6.625,-0.6260000000000003,7.251
179271,9/10/1918,1918,w,BOS,CHC,jones104,vaugh101,52.506,58.35,7.251,8.192,0,3,-3,-0.9409999999999998,False,True,8.192,0.9409999999999998,7.251
100854,10/14/1975,1975,w,CIN,BOS,nolag101,wiser101,52.438,50.011,6.625,7.251,6,5,1,-0.6260000000000003,True,False,6.625,-0.6260000000000003,7.251
78403,10/21/1986,1986,w,BOS,NYM,boydo001,ojedb001,52.048,55.691,7.251,7.922,1,7,-6,-0.6709999999999994,False,True,7.922,0.6709999999999994,7.251
78402,10/22/1986,1986,w,BOS,NYM,nippa001,darlr001,45.106,54.838,7.251,7.922,2,6,-4,-0.6709999999999994,False,True,7.922,0.6709999999999994,7.251
78400,10/25/1986,1986,w,NYM,BOS,ojedb001,clemr001,56.399,61.503,7.922,7.251,6,5,1,0.6709999999999994,True,False,7.922,0.6709999999999994,7.251
78399,10/27/1986,1986,w,NYM,BOS,darlr001,hursb001,55.129,57.887,7.922,7.251,8,5,3,0.6709999999999994,True,False,7.922,0.6709999999999994,7.251
100850,10/22/1975,1975,w,BOS,CIN,lee-b101,gulld101,50.769,55.892,7.251,6.625,3,4,-1,0.6260000000000003,False,True,6.625,-0.6260000000000003,7.251
80522,10/27/1985,1985,w,KCR,STL,sabeb001,tudoj001,59.021,63.242,13.379,7.108,11,0,11,6.271,True,False,13.379,6.271,7.108
144702,10/9/1946,1946,w,BOS,STL,ferrd101,dickm101,51.597,54.214,7.251,7.108,4,0,4,0.14300000000000068,True,False,7.251,0.14300000000000068,7.108
169472,10/7/1926,1926,w,STL,NYY,sherb101,pennh101,54.416,56.01,7.108,2.83,2,3,-1,4.278,False,True,2.83,-4.278,7.108
114456,10/9/1968,1968,w,STL,DET,washr101,mclad101,52.12,57.014,7.108,3.26,1,13,-12,3.848,False,True,3.26,-3.848,7.108
114457,10/7/1968,1968,w,DET,STL,lolim101,briln101,53.119,46.565,3.26,7.108,5,3,2,-3.848,True,False,3.26,-3.848,7.108
148433,10/10/1943,1943,w,STL,NYY,lanim101,russm101,57.062,52.935,7.108,2.83,1,2,-1,4.278,False,True,2.83,-4.278,7.108
148432,10/11/1943,1943,w,STL,NYY,coopm101,chans101,59.579,63.067,7.108,2.83,0,2,-2,4.278,False,True,2.83,-4.278,7.108
114460,10/3/1968,1968,w,STL,DET,briln101,lolim101,47.75,52.141,7.108,3.26,1,8,-7,3.848,False,True,3.26,-3.848,7.108
147189,10/4/1944,1944,w,STL,BAL,coopm101,galed101,58.814,54.85,7.108,8.374,1,2,-1,-1.266000000000001,False,True,8.374,1.266000000000001,7.108
76281,10/17/1987,1987,w,MIN,STL,violf001,magrj001,57.191,51.802,6.16,7.108,10,1,9,-0.9479999999999995,True,False,6.16,-0.9479999999999995,7.108
116088,10/11/1967,1967,w,BOS,STL,waslg101,hughd101,46.316,56.666,7.251,7.108,8,4,4,0.14300000000000068,True,False,7.251,0.14300000000000068,7.108
116089,10/9/1967,1967,w,STL,BOS,carls001,lonbj101,52.913,55.201,7.108,7.251,1,3,-2,-0.14300000000000068,False,True,7.251,0.14300000000000068,7.108
37905,10/24/2004,2004,w,BOS,STL,schic002,morrm001,61.14,48.265,7.251,7.108,6,2,4,0.14300000000000068,True,False,7.251,0.14300000000000068,7.108
116092,10/5/1967,1967,w,BOS,STL,lonbj101,hughd101,53.438,56.947,7.251,7.108,5,0,5,0.14300000000000068,True,False,7.251,0.14300000000000068,7.108
86891,10/12/1982,1982,w,STL,MIL,forsb001,caldm001,53.995,49.951,7.108,10.061,0,10,-10,-2.9530000000000003,False,True,10.061,2.9530000000000003,7.108
86888,10/16/1982,1982,w,MIL,STL,haasm001,lapod001,49.141,47.247,10.061,7.108,7,5,2,2.9530000000000003,True,False,10.061,2.9530000000000003,7.108
86887,10/17/1982,1982,w,MIL,STL,caldm001,forsb001,51.573,52.966,10.061,7.108,6,4,2,2.9530000000000003,True,False,10.061,2.9530000000000003,7.108
32986,10/22/2006,2006,w,DET,STL,rogek001,weavj002,56.332,47.579,3.26,7.108,3,1,2,-3.848,True,False,3.26,-3.848,7.108
169476,10/2/1926,1926,w,NYY,STL,pennh101,sherb101,54.706,54.15,2.83,7.108,2,1,1,-4.278,True,False,2.83,-4.278,7.108
144700,10/11/1946,1946,w,BOS,STL,dobsj101,pollh101,51.426,57.201,7.251,7.108,6,3,3,0.14300000000000068,True,False,7.251,0.14300000000000068,7.108
147187,10/6/1944,1944,w,BAL,STL,kramj101,wilkt101,55.355,54.82,8.374,7.108,6,2,4,1.266000000000001,True,False,8.374,1.266000000000001,7.108
120964,10/14/1964,1964,w,STL,NYY,simmc101,boutj101,51.8,52.659,7.108,2.83,3,8,-5,4.278,False,True,2.83,-4.278,7.108
120967,10/10/1964,1964,w,NYY,STL,boutj101,simmc101,51.822,50.949,2.83,7.108,2,1,1,-4.278,True,False,2.83,-4.278,7.108
120968,10/8/1964,1964,w,STL,NYY,gibsb101,stotm101,58.065,52.585,7.108,2.83,3,8,-5,4.278,False,True,2.83,-4.278,7.108
166998,10/4/1928,1928,w,NYY,STL,hoytw101,sherb101,55.752,56.389,2.83,7.108,4,1,3,-4.278,True,False,2.83,-4.278,7.108
166997,10/5/1928,1928,w,NYY,STL,pipgg101,alexg102,53.407,55.964,2.83,7.108,9,3,6,-4.278,True,False,2.83,-4.278,7.108
80526,10/22/1985,1985,w,STL,KCR,anduj001,sabeb001,47.518,57.981,7.108,13.379,1,6,-5,-6.271,False,True,13.379,6.271,7.108
37904,10/26/2004,2004,w,STL,BOS,suppj001,martp001,50.167,59.276,7.108,7.251,1,4,-3,-0.14300000000000068,False,True,7.251,0.14300000000000068,7.108
80524,10/24/1985,1985,w,STL,KCR,forsb001,jackd001,47.653,53.568,7.108,13.379,1,6,-5,-6.271,False,True,13.379,6.271,7.108
144704,10/6/1946,1946,w,STL,BOS,pollh101,hught102,57.189,59.945,7.108,7.251,2,3,-1,-0.14300000000000068,False,True,7.251,0.14300000000000068,7.108
80523,10/26/1985,1985,w,KCR,STL,leibc001,cox-d001,54.441,52.542,13.379,7.108,2,1,1,6.271,True,False,13.379,6.271,7.108
169473,10/6/1926,1926,w,STL,NYY,rhemf101,hoytw101,52.27,51.528,7.108,2.83,5,10,-5,4.278,False,True,2.83,-4.278,7.108
114455,10/10/1968,1968,w,STL,DET,gibsb101,lolim101,67.782,53.445,7.108,3.26,1,4,-3,3.848,False,True,3.26,-3.848,7.108
164522,10/6/1930,1930,w,STL,OAK,grimb101,earng101,55.599,54.9,7.108,10.951,0,2,-2,-3.843000000000001,False,True,10.951,3.843000000000001,7.108
159583,10/6/1934,1934,w,STL,DET,carlt101,aukee101,50.881,54.685,7.108,3.26,4,10,-6,3.848,False,True,3.26,-3.848,7.108
76280,10/18/1987,1987,w,MIN,STL,blylb001,cox-d001,54.636,51.164,6.16,7.108,8,4,4,-0.9479999999999995,True,False,6.16,-0.9479999999999995,7.108
163281,10/6/1931,1931,w,OAK,STL,earng101,johns101,58.849,56.577,10.951,7.108,3,0,3,3.843000000000001,True,False,10.951,3.843000000000001,7.108
163284,10/1/1931,1931,w,STL,OAK,derrp101,grovl101,54.207,64.771,7.108,10.951,2,6,-4,-3.843000000000001,False,True,10.951,3.843000000000001,7.108
166996,10/7/1928,1928,w,STL,NYY,hainj101,zacht101,56.591,45.297,7.108,2.83,3,7,-4,4.278,False,True,2.83,-4.278,7.108
164521,10/8/1930,1930,w,OAK,STL,earng101,hallb104,56.239,56.973,10.951,7.108,7,1,6,3.843000000000001,True,False,10.951,3.843000000000001,7.108
159585,10/4/1934,1934,w,DET,STL,rowes101,hallb104,57.583,48.881,3.26,7.108,3,2,1,-3.848,True,False,3.26,-3.848,7.108
20677,10/24/2011,2011,w,TEX,STL,C.J. Wilson,carpc002,53.996,56.143,3.981,7.108,4,2,2,-3.127,True,False,3.981,-3.127,7.108
163279,10/9/1931,1931,w,STL,OAK,derrp101,grovl101,53.69,64.19,7.108,10.951,1,8,-7,-3.843000000000001,False,True,10.951,3.843000000000001,7.108
166995,10/9/1928,1928,w,STL,NYY,sherb101,hoytw101,56.737,56.873,7.108,2.83,3,7,-4,4.278,False,True,2.83,-4.278,7.108
159582,10/7/1934,1934,w,STL,DET,deand102,bridt101,64.27,57.814,7.108,3.26,1,3,-2,3.848,False,True,3.26,-3.848,7.108
149679,9/30/1942,1942,w,STL,NYY,coopm101,ruffr101,63.131,54.868,7.108,2.83,4,7,-3,4.278,False,True,2.83,-4.278,7.108
164525,10/2/1930,1930,w,OAK,STL,earng101,rhemf101,53.449,49.877,10.951,7.108,6,1,5,3.843000000000001,True,False,10.951,3.843000000000001,7.108
37906,10/23/2004,2004,w,BOS,STL,waket001,willw001,49.216,54.3,7.251,7.108,11,9,2,0.14300000000000068,True,False,7.251,0.14300000000000068,7.108
76275,10/25/1987,1987,w,MIN,STL,violf001,magrj001,56.497,50.667,6.16,7.108,4,2,2,-0.9479999999999995,True,False,6.16,-0.9479999999999995,7.108
148436,10/5/1943,1943,w,NYY,STL,chans101,lanim101,62.79,57.275,2.83,7.108,4,2,2,-4.278,True,False,2.83,-4.278,7.108
148434,10/7/1943,1943,w,NYY,STL,boroh101,braza101,53.619,52.173,2.83,7.108,6,2,4,-4.278,True,False,2.83,-4.278,7.108
164526,10/1/1930,1930,w,OAK,STL,grovl101,grimb101,61.65,55.53,10.951,7.108,5,2,3,3.843000000000001,True,False,10.951,3.843000000000001,7.108
76276,10/24/1987,1987,w,MIN,STL,stral001,tudoj001,49.15,54.151,6.16,7.108,11,5,6,-0.9479999999999995,True,False,6.16,-0.9479999999999995,7.108
28068,10/22/2008,2008,w,TBD,PHI,Scott Kazmir,Cole Hamels,53.871,59.669,7.017,39.771,2,3,-1,-32.754,False,True,39.771,32.754,7.017
170717,10/7/1925,1925,w,PIT,MIN,meadl101,johnw102,54.055,57.828,6.884,6.16,1,4,-3,0.7240000000000002,False,True,6.16,-0.7240000000000002,6.884
170715,10/10/1925,1925,w,MIN,PIT,ferga101,kremr101,47.943,53.01,6.16,6.884,4,3,1,-0.7240000000000002,True,False,6.16,-0.7240000000000002,6.884
168230,10/8/1927,1927,w,NYY,PIT,moorw101,hillc102,52.339,54.663,2.83,6.884,4,3,1,-4.054,True,False,2.83,-4.054,6.884
168231,10/7/1927,1927,w,NYY,PIT,pennh101,meadl101,55.886,53.762,2.83,6.884,8,1,7,-4.054,True,False,2.83,-4.054,6.884
127287,10/6/1960,1960,w,PIT,NYY,frieb102,turlb101,55.309,52.461,6.884,2.83,3,16,-13,4.054,False,True,2.83,-4.054,6.884
170714,10/11/1925,1925,w,MIN,PIT,johnw102,yde-e101,59.179,48.925,6.16,6.884,4,0,4,-0.7240000000000002,True,False,6.16,-0.7240000000000002,6.884
92556,10/12/1979,1979,w,PIT,BAL,candj001,mcgrs001,54.913,55.377,6.884,8.374,4,8,-4,-1.4900000000000002,False,True,8.374,1.4900000000000002,6.884
127283,10/12/1960,1960,w,PIT,NYY,frieb102,fordw101,54.76,54.432,6.884,2.83,0,12,-12,4.054,False,True,2.83,-4.054,6.884
168233,10/5/1927,1927,w,PIT,NYY,kremr101,hoytw101,59.539,58.136,6.884,2.83,4,5,-1,4.054,False,True,2.83,-4.054,6.884
127286,10/8/1960,1960,w,NYY,PIT,fordw101,mizew101,52.944,52.431,2.83,6.884,10,0,10,-4.054,True,False,2.83,-4.054,6.884
108597,10/9/1971,1971,w,BAL,PIT,mcnad102,ellid101,53.95,49.045,8.374,6.884,5,3,2,1.4900000000000002,True,False,8.374,1.4900000000000002,6.884
108596,10/11/1971,1971,w,BAL,PIT,palmj001,johnb103,56.339,50.535,8.374,6.884,11,3,8,1.4900000000000002,True,False,8.374,1.4900000000000002,6.884
108592,10/16/1971,1971,w,BAL,PIT,palmj001,moosb101,56.01,46.766,8.374,6.884,3,2,1,1.4900000000000002,True,False,8.374,1.4900000000000002,6.884
168232,10/6/1927,1927,w,PIT,NYY,aldrv101,pipgg101,50.876,51.882,6.884,2.83,2,6,-4,4.054,False,True,2.83,-4.054,6.884
92558,10/10/1979,1979,w,BAL,PIT,flanm001,kisob001,57.356,51.411,8.374,6.884,5,4,1,1.4900000000000002,True,False,8.374,1.4900000000000002,6.884
92555,10/13/1979,1979,w,PIT,BAL,bibbj001,martd001,56.072,53.251,6.884,8.374,6,9,-3,-1.4900000000000002,False,True,8.374,1.4900000000000002,6.884
20681,10/19/2011,2011,w,STL,TEX,carpc002,C.J. Wilson,56.018,54.222,7.108,6.862,3,2,1,0.24599999999999955,True,False,7.108,0.24599999999999955,6.862
15743,10/24/2013,2013,w,BOS,STL,John Lackey,Michael Wacha,53.868,54.436,6.834,9.706,2,4,-2,-2.872,False,True,9.706,2.872,6.834
55143,10/19/1997,1997,w,FLA,CLE,browk001,ogeac001,60.752,51.033,6.762,-2.335,1,6,-5,9.097,False,True,-2.335,-9.097,6.762
55141,10/22/1997,1997,w,CLE,FLA,wrigj002,saunt001,49.789,47.257,-2.335,6.762,10,3,7,-9.097,True,False,-2.335,-9.097,6.762
40369,10/19/2003,2003,w,NYY,FLA,Andy Pettitte,redmm002,54.621,51.513,0.277,6.762,6,1,5,-6.484999999999999,True,False,0.277,-6.484999999999999,6.762
55139,10/25/1997,1997,w,FLA,CLE,browk001,ogeac001,59.469,51.723,6.762,-2.335,1,4,-3,9.097,False,True,-2.335,-9.097,6.762
125849,10/7/1961,1961,w,CIN,NYY,purkb101,stafb101,51.629,56.622,6.625,2.83,2,3,-1,3.795,False,True,2.83,-3.795,6.625
178149,10/3/1919,1919,w,CHW,CIN,kerrd101,fishr101,48.787,54.594,5.454,6.625,3,0,3,-1.1710000000000003,True,False,5.454,-1.1710000000000003,6.625
125847,10/9/1961,1961,w,CIN,NYY,jay-j101,terrr101,52.182,56.805,6.625,2.83,5,13,-8,3.795,False,True,2.83,-3.795,6.625
125851,10/4/1961,1961,w,NYY,CIN,fordw101,otooj101,57.203,56.192,2.83,6.625,2,0,2,-3.795,True,False,2.83,-3.795,6.625
125848,10/8/1961,1961,w,CIN,NYY,otooj101,fordw101,55.907,58.851,6.625,2.83,0,7,-7,3.795,False,True,2.83,-3.795,6.625
100851,10/21/1975,1975,w,BOS,CIN,tianl101,nolag101,56.091,52.421,7.251,6.625,7,6,1,0.6260000000000003,True,False,7.251,0.6260000000000003,6.625
178146,10/7/1919,1919,w,CIN,CHW,ruetd101,kerrd101,52.972,50.355,6.625,5.454,4,5,-1,1.1710000000000003,False,True,5.454,-1.1710000000000003,6.625
106720,10/15/1972,1972,w,CIN,OAK,grimr101,huntj101,49.786,58.998,6.625,10.951,1,2,-1,-4.3260000000000005,False,True,10.951,4.3260000000000005,6.625
106715,10/22/1972,1972,w,CIN,OAK,billj101,odomj101,53.578,50.119,6.625,10.951,2,3,-1,-4.3260000000000005,False,True,10.951,4.3260000000000005,6.625
106721,10/14/1972,1972,w,CIN,OAK,nolag101,holtk101,54.721,51.229,6.625,10.951,2,3,-1,-4.3260000000000005,False,True,10.951,4.3260000000000005,6.625
178145,10/8/1919,1919,w,CIN,CHW,salls101,cicoe101,54.028,56.272,6.625,5.454,1,4,-3,1.1710000000000003,False,True,5.454,-1.1710000000000003,6.625
152155,10/6/1940,1940,w,DET,CIN,newsb101,thomj102,57.672,52.195,3.26,6.625,8,0,8,-3.365,True,False,3.26,-3.365,6.625
152157,10/4/1940,1940,w,DET,CIN,bridt101,turnj102,55.973,53.943,3.26,6.625,7,4,3,-3.365,True,False,3.26,-3.365,6.625
110543,10/15/1970,1970,w,BAL,CIN,cuelm101,merrj102,53.912,47.961,8.374,6.625,9,3,6,1.7490000000000006,True,False,8.374,1.7490000000000006,6.625
152159,10/2/1940,1940,w,CIN,DET,derrp101,newsb101,56.279,57.131,6.625,3.26,2,7,-5,3.365,False,True,3.26,-3.365,6.625
110545,10/13/1970,1970,w,BAL,CIN,mcnad102,clont101,56.091,47.148,8.374,6.625,9,3,6,1.7490000000000006,True,False,8.374,1.7490000000000006,6.625
106718,10/19/1972,1972,w,OAK,CIN,holtk101,gulld101,51.171,50.393,10.951,6.625,3,2,1,4.3260000000000005,True,False,10.951,4.3260000000000005,6.625
110546,10/11/1970,1970,w,CIN,BAL,mcglj101,cuelm101,46.967,54.937,6.625,8.374,5,6,-1,-1.7490000000000006,False,True,8.374,1.7490000000000006,6.625
110547,10/10/1970,1970,w,CIN,BAL,nolag101,palmj001,54.625,59.411,6.625,8.374,3,4,-1,-1.7490000000000006,False,True,8.374,1.7490000000000006,6.625
153396,10/8/1939,1939,w,CIN,NYY,derrp101,hildo101,59.071,52.418,6.625,2.83,4,7,-3,3.795,False,True,2.83,-3.795,6.625
153397,10/7/1939,1939,w,CIN,NYY,thomj102,gomel102,52.123,57.781,6.625,2.83,3,7,-4,3.795,False,True,2.83,-3.795,6.625
153398,10/5/1939,1939,w,NYY,CIN,pearm101,waltb102,52.808,59.792,2.83,6.625,4,0,4,-3.795,True,False,2.83,-3.795,6.625
153399,10/4/1939,1939,w,NYY,CIN,ruffr101,derrp101,57.549,57.77,2.83,6.625,2,1,1,-3.795,True,False,2.83,-3.795,6.625
100856,10/11/1975,1975,w,BOS,CIN,tianl101,gulld101,54.788,55.761,7.251,6.625,6,0,6,0.6260000000000003,True,False,7.251,0.6260000000000003,6.625
100853,10/15/1975,1975,w,CIN,BOS,normf101,tianl101,51.24,56.09,6.625,7.251,4,5,-1,-0.6260000000000003,False,True,7.251,0.6260000000000003,6.625
28064,10/27/2008,2008,w,PHI,TBD,Cole Hamels,Scott Kazmir,59.784,53.611,38.916,6.613,4,3,1,32.303,True,False,38.916,32.303,6.613
171950,10/6/1924,1924,w,SFG,MIN,mcquh101,marbf101,55.128,50.024,4.116,6.16,6,4,2,-2.0440000000000005,True,False,4.116,-2.0440000000000005,6.16
171948,10/8/1924,1924,w,SFG,MIN,bentj101,johnw102,51.654,60.144,4.116,6.16,6,2,4,-2.0440000000000005,True,False,4.116,-2.0440000000000005,6.16
170713,10/12/1925,1925,w,MIN,PIT,coves101,aldrv101,56.522,55.829,6.16,6.884,3,6,-3,-0.7240000000000002,False,True,6.884,0.7240000000000002,6.16
171952,10/4/1924,1924,w,MIN,SFG,johnw102,nehfa101,60.299,53.535,6.16,4.116,3,4,-1,2.0440000000000005,False,True,4.116,-2.0440000000000005,6.16
170712,10/13/1925,1925,w,PIT,MIN,kremr101,ferga101,52.847,48.526,6.884,6.16,3,2,1,0.7240000000000002,True,False,6.884,0.7240000000000002,6.16
170716,10/8/1925,1925,w,PIT,MIN,aldrv101,coves101,55.281,56.389,6.884,6.16,3,2,1,0.7240000000000002,True,False,6.884,0.7240000000000002,6.16
67799,10/24/1991,1991,w,ATL,MIN,glavt001,tapak001,56.146,55.012,9.185,6.16,14,5,9,3.0250000000000004,True,False,9.185,3.0250000000000004,6.16
160814,10/3/1933,1933,w,SFG,MIN,hubbc101,stewl101,62.495,52.432,4.116,6.16,4,2,2,-2.0440000000000005,True,False,4.116,-2.0440000000000005,6.16
160813,10/4/1933,1933,w,SFG,MIN,schuh103,crowg102,55.001,54.401,4.116,6.16,6,1,5,-2.0440000000000005,True,False,4.116,-2.0440000000000005,6.16
160811,10/6/1933,1933,w,MIN,SFG,weavm101,hubbc101,54.286,63.393,6.16,4.116,1,2,-1,2.0440000000000005,False,True,4.116,-2.0440000000000005,6.16
160810,10/7/1933,1933,w,MIN,SFG,crowg102,schuh103,53.334,55.61,6.16,4.116,3,4,-1,2.0440000000000005,False,True,4.116,-2.0440000000000005,6.16
170711,10/15/1925,1925,w,PIT,MIN,aldrv101,johnw102,56.013,60.147,6.884,6.16,9,7,2,0.7240000000000002,True,False,6.884,0.7240000000000002,6.16
67800,10/23/1991,1991,w,ATL,MIN,smolj001,morrj001,58.238,56.676,9.185,6.16,3,2,1,3.0250000000000004,True,False,9.185,3.0250000000000004,6.16
67801,10/22/1991,1991,w,ATL,MIN,avers001,erics001,55.018,51.329,9.185,6.16,5,4,1,3.0250000000000004,True,False,9.185,3.0250000000000004,6.16
76277,10/22/1987,1987,w,STL,MIN,cox-d001,blylb001,49.971,55.064,7.108,6.16,4,2,2,0.9479999999999995,True,False,7.108,0.9479999999999995,6.16
76278,10/21/1987,1987,w,STL,MIN,mathg001,violf001,52.868,58.231,7.108,6.16,7,2,5,0.9479999999999995,True,False,7.108,0.9479999999999995,6.16
76279,10/20/1987,1987,w,STL,MIN,tudoj001,stral001,53.286,48.704,7.108,6.16,3,1,2,0.9479999999999995,True,False,7.108,0.9479999999999995,6.16
119333,10/14/1965,1965,w,MIN,LAD,kaatj101,koufs101,49.581,67.166,6.16,11.008,0,2,-2,-4.847999999999999,False,True,11.008,4.847999999999999,6.16
119335,10/11/1965,1965,w,LAD,MIN,koufs101,kaatj101,66.328,50.593,11.008,6.16,7,0,7,4.847999999999999,True,False,11.008,4.847999999999999,6.16
119337,10/9/1965,1965,w,LAD,MIN,ostec103,pascc102,52.113,51.088,11.008,6.16,4,0,4,4.847999999999999,True,False,11.008,4.847999999999999,6.16
119336,10/10/1965,1965,w,LAD,MIN,drysd101,granj101,52.724,54.435,11.008,6.16,7,2,5,4.847999999999999,True,False,11.008,4.847999999999999,6.16
0,10/27/2020,2020,w,LAD,TBD,Tony Gonsolin,Blake Snell,54.056,54.534,7.996,6.04,3,1,2,1.9560000000000004,True,False,7.996,1.9560000000000004,6.04
28067,10/23/2008,2008,w,TBD,PHI,James Shields,Brett Myers,55.302,52.522,13.917,5.673,4,2,2,8.244,True,False,13.917,8.244,5.673
84765,10/14/1983,1983,w,PHI,BAL,carls001,flanm001,57.908,50.455,5.672,8.374,2,3,-1,-2.702000000000001,False,True,8.374,2.702000000000001,5.672
25608,10/29/2009,2009,w,NYY,PHI,A.J. Burnett,martp001,55.224,50.794,11.073,5.672,3,1,2,5.401000000000001,True,False,11.073,5.401000000000001,5.672
25604,11/4/2009,2009,w,NYY,PHI,Andy Pettitte,martp001,53.814,51.043,4.714,5.672,7,3,4,-0.9579999999999993,True,False,4.714,-0.9579999999999993,5.672
84766,10/12/1983,1983,w,BAL,PHI,boddm001,hudsc001,57.526,51.343,8.374,5.672,4,1,3,2.702000000000001,True,False,8.374,2.702000000000001,5.672
63385,10/23/1993,1993,w,TOR,PHI,stewd001,mulht001,51.65,52.667,10.233,5.672,8,6,2,4.561000000000001,True,False,10.233,4.561000000000001,5.672
63387,10/20/1993,1993,w,PHI,TOR,greet001,stott001,50.888,47.822,5.672,10.233,14,15,-1,-4.561000000000001,False,True,10.233,4.561000000000001,5.672
63388,10/19/1993,1993,w,PHI,TOR,jackd001,hentp001,49.34,48.517,5.672,10.233,3,10,-7,-4.561000000000001,False,True,10.233,4.561000000000001,5.672
63390,10/16/1993,1993,w,TOR,PHI,guzmj003,schic002,56.291,55.295,10.233,5.672,8,5,3,4.561000000000001,True,False,10.233,4.561000000000001,5.672
139721,10/4/1950,1950,w,PHI,NYY,konsj101,rascv101,47.976,55.999,5.672,2.83,0,1,-1,2.8419999999999996,False,True,2.83,-2.8419999999999996,5.672
139720,10/5/1950,1950,w,PHI,NYY,rober102,reyna102,58.201,56.31,5.672,2.83,1,2,-1,2.8419999999999996,False,True,2.83,-2.8419999999999996,5.672
139719,10/6/1950,1950,w,NYY,PHI,lopae101,heink101,53.232,50.956,2.83,5.672,3,2,1,-2.8419999999999996,True,False,2.83,-2.8419999999999996,5.672
139718,10/7/1950,1950,w,NYY,PHI,fordw101,millb103,54.841,48.359,2.83,5.672,5,2,3,-2.8419999999999996,True,False,2.83,-2.8419999999999996,5.672
182797,10/13/1915,1915,w,PHI,BOS,mayee101,fostr103,52.587,55.754,5.672,7.251,4,5,-1,-1.5790000000000006,False,True,7.251,1.5790000000000006,5.672
90435,10/18/1980,1980,w,KCR,PHI,leond001,chril101,54.991,51.079,13.379,5.672,5,3,2,7.707,True,False,13.379,7.707,5.672
84764,10/15/1983,1983,w,PHI,BAL,dennj001,davis001,57.202,52.112,5.672,8.374,4,5,-1,-2.702000000000001,False,True,8.374,2.702000000000001,5.672
90436,10/17/1980,1980,w,KCR,PHI,galer001,ruthd001,50.351,51.031,13.379,5.672,4,3,1,7.707,True,False,13.379,7.707,5.672
182800,10/9/1915,1915,w,PHI,BOS,mayee101,fostr103,51.96,54.267,5.672,7.251,1,2,-1,-1.5790000000000006,False,True,7.251,1.5790000000000006,5.672
182799,10/11/1915,1915,w,BOS,PHI,leond102,alexg102,58.21,65.629,7.251,5.672,2,1,1,1.5790000000000006,True,False,7.251,1.5790000000000006,5.672
182798,10/12/1915,1915,w,BOS,PHI,shore101,chalg101,57.439,51.711,7.251,5.672,2,1,1,1.5790000000000006,True,False,7.251,1.5790000000000006,5.672
84763,10/16/1983,1983,w,PHI,BAL,hudsc001,mcgrs001,51.177,53.446,5.672,8.374,0,5,-5,-2.702000000000001,False,True,8.374,2.702000000000001,5.672
180295,10/10/1917,1917,w,SFG,CHW,bentr102,cicoe101,52.715,59.401,4.116,5.454,2,0,2,-1.338,True,False,4.116,-1.338,5.454
128525,10/8/1959,1959,w,CHW,LAD,wynne101,podrj101,55.166,50.167,5.454,11.008,3,9,-6,-5.553999999999999,False,True,11.008,5.553999999999999,5.454
128527,10/5/1959,1959,w,LAD,CHW,crair101,wynne101,52.637,56.173,11.008,5.454,5,4,1,5.553999999999999,True,False,11.008,5.553999999999999,5.454
128528,10/4/1959,1959,w,LAD,CHW,drysd101,donod101,55.544,51.515,11.008,5.454,3,1,2,5.553999999999999,True,False,11.008,5.553999999999999,5.454
128529,10/2/1959,1959,w,CHW,LAD,shawb103,podrj101,53.84,49.97,5.454,11.008,3,4,-1,-5.553999999999999,False,True,11.008,5.553999999999999,5.454
180294,10/11/1917,1917,w,SFG,CHW,schuf102,faber101,57.471,50.659,4.116,5.454,5,0,5,-1.338,True,False,4.116,-1.338,5.454
178148,10/4/1919,1919,w,CHW,CIN,cicoe101,ringj101,55.556,53.256,5.454,6.625,0,2,-2,-1.1710000000000003,False,True,6.625,1.1710000000000003,5.454
178151,10/1/1919,1919,w,CIN,CHW,ruetd101,cicoe101,52.042,57.177,6.625,5.454,9,1,8,1.1710000000000003,True,False,6.625,1.1710000000000003,5.454
178144,10/9/1919,1919,w,CHW,CIN,willl104,elleh101,53.133,55.634,5.454,6.625,5,10,-5,-1.1710000000000003,False,True,6.625,1.1710000000000003,5.454
178150,10/2/1919,1919,w,CIN,CHW,salls101,willl104,53.691,53.262,6.625,5.454,4,2,2,1.1710000000000003,True,False,6.625,1.1710000000000003,5.454
178147,10/6/1919,1919,w,CHW,CIN,willl104,elleh101,53.024,53.971,5.454,6.625,0,5,-5,-1.1710000000000003,False,True,6.625,1.1710000000000003,5.454
23145,10/28/2010,2010,w,SFG,TEX,Matt Cain,C.J. Wilson,56.432,54.043,14.636,5.024,9,0,9,9.611999999999998,True,False,14.636,9.611999999999998,5.024
40365,10/25/2003,2003,w,NYY,FLA,Andy Pettitte,Josh Beckett,55.826,58.428,4.676,29.154,0,2,-2,-24.478,False,True,29.154,24.478,4.676
45298,10/28/2001,2001,w,ARI,NYY,johnr005,Andy Pettitte,68.325,53.618,2.22,4.127,4,0,4,-1.9069999999999996,True,False,2.22,-1.9069999999999996,4.127
160812,10/5/1933,1933,w,MIN,SFG,white102,fitzf101,53.24,50.051,6.16,4.116,4,0,4,2.0440000000000005,True,False,6.16,2.0440000000000005,4.116
42833,10/27/2002,2002,w,ANA,SFG,John Lackey,hernl003,50.885,48.736,-2.101,4.116,4,1,3,-6.217,True,False,-2.101,-6.217,4.116
155862,10/6/1937,1937,w,NYY,SFG,gomel102,hubbc101,64.387,57.632,2.83,4.116,8,1,7,-1.2859999999999996,True,False,2.83,-1.2859999999999996,4.116
42834,10/26/2002,2002,w,ANA,SFG,appik001,ortir001,51.289,51.231,11.812,4.116,6,5,1,7.696,True,False,11.812,7.696,4.116
42837,10/22/2002,2002,w,SFG,ANA,hernl003,Ramon Ortiz,50.001,52.183,4.116,1.612,4,10,-6,2.5039999999999996,False,True,1.612,-2.5039999999999996,4.116
42838,10/20/2002,2002,w,ANA,SFG,appik001,ortir001,52.842,52.965,11.812,4.116,11,10,1,7.696,True,False,11.812,7.696,4.116
155860,10/8/1937,1937,w,SFG,NYY,schuh103,pearm101,52.482,55.356,4.116,2.83,1,5,-4,1.2859999999999996,False,True,2.83,-1.2859999999999996,4.116
155858,10/10/1937,1937,w,SFG,NYY,meltc101,gomel102,55.903,65.006,4.116,2.83,2,4,-2,1.2859999999999996,False,True,2.83,-1.2859999999999996,4.116
157102,10/6/1936,1936,w,SFG,NYY,fitzf101,gomel102,54.349,53.787,4.116,2.83,5,13,-8,1.2859999999999996,False,True,2.83,-1.2859999999999996,4.116
157104,10/4/1936,1936,w,NYY,SFG,pearm101,hubbc101,54.788,66.225,2.83,4.116,5,2,3,-1.2859999999999996,True,False,2.83,-1.2859999999999996,4.116
157105,10/3/1936,1936,w,NYY,SFG,hadlb101,fitzf101,46.54,53.224,2.83,4.116,2,1,1,-1.2859999999999996,True,False,2.83,-1.2859999999999996,4.116
157106,10/2/1936,1936,w,SFG,NYY,schuh103,gomel102,51.255,53.411,4.116,2.83,4,18,-14,1.2859999999999996,False,True,2.83,-1.2859999999999996,4.116
155861,10/7/1937,1937,w,NYY,SFG,ruffr101,meltc101,58.399,55.908,2.83,4.116,8,1,7,-1.2859999999999996,True,False,2.83,-1.2859999999999996,4.116
72039,10/28/1989,1989,w,SFG,OAK,robid001,moorm001,50.885,57.917,4.116,10.951,6,9,-3,-6.835000000000001,False,True,10.951,6.835000000000001,4.116
72040,10/27/1989,1989,w,SFG,OAK,garrs001,stewd001,53.051,55.891,4.116,10.951,7,13,-6,-6.835000000000001,False,True,10.951,6.835000000000001,4.116
72041,10/15/1989,1989,w,OAK,SFG,moorm001,reusr001,57.284,50.34,10.951,4.116,5,1,4,6.835000000000001,True,False,10.951,6.835000000000001,4.116
72042,10/14/1989,1989,w,OAK,SFG,stewd001,garrs001,54.555,53.948,10.951,4.116,5,0,5,6.835000000000001,True,False,10.951,6.835000000000001,4.116
124219,10/16/1962,1962,w,SFG,NYY,sanfj101,terrr101,53.302,57.193,4.116,2.83,0,1,-1,1.2859999999999996,False,True,2.83,-1.2859999999999996,4.116
185311,10/7/1913,1913,w,SFG,OAK,marqr102,bendc101,58.223,55.141,4.116,10.951,4,6,-2,-6.835000000000001,False,True,10.951,6.835000000000001,4.116
124221,10/10/1962,1962,w,NYY,SFG,terrr101,sanfj101,56.602,52.911,2.83,4.116,5,3,2,-1.2859999999999996,True,False,2.83,-1.2859999999999996,4.116
175669,10/10/1921,1921,w,SFG,NYY,nehfa101,hoytw101,55.342,57.848,4.116,2.83,1,3,-2,1.2859999999999996,False,True,2.83,-1.2859999999999996,4.116
185309,10/9/1913,1913,w,SFG,OAK,tesrj101,bushj102,55.362,45.991,4.116,10.951,2,8,-6,-6.835000000000001,False,True,10.951,6.835000000000001,4.116
185308,10/10/1913,1913,w,OAK,SFG,bendc101,demaa101,55.194,54.901,10.951,4.116,6,5,1,6.835000000000001,True,False,10.951,6.835000000000001,4.116
185307,10/11/1913,1913,w,SFG,OAK,mathc102,plane101,57.899,51.404,4.116,10.951,1,3,-2,-6.835000000000001,False,True,10.951,6.835000000000001,4.116
180297,10/6/1917,1917,w,CHW,SFG,cicoe101,salls101,59.061,52.742,5.454,4.116,2,1,1,1.338,True,False,5.454,1.338,4.116
180296,10/7/1917,1917,w,CHW,SFG,faber101,schuf102,50.024,58.603,5.454,4.116,7,2,5,1.338,True,False,5.454,1.338,4.116
180293,10/13/1917,1917,w,CHW,SFG,russr102,salls101,51.874,53.007,5.454,4.116,8,5,3,1.338,True,False,5.454,1.338,4.116
180292,10/15/1917,1917,w,SFG,CHW,bentr102,faber101,54.093,50.484,4.116,5.454,2,4,-2,-1.338,False,True,5.454,1.338,4.116
138473,10/10/1951,1951,w,NYY,SFG,rascv101,kosld101,56.045,50.664,2.83,4.116,4,3,1,-1.2859999999999996,True,False,2.83,-1.2859999999999996,4.116
138474,10/9/1951,1951,w,SFG,NYY,jansl101,lopae101,60.457,58.235,4.116,2.83,1,13,-12,1.2859999999999996,False,True,2.83,-1.2859999999999996,4.116
138475,10/8/1951,1951,w,SFG,NYY,magls101,reyna102,58.046,58.401,4.116,2.83,2,6,-4,1.2859999999999996,False,True,2.83,-1.2859999999999996,4.116
138477,10/5/1951,1951,w,NYY,SFG,lopae101,jansl101,57.315,60.147,2.83,4.116,3,1,2,-1.2859999999999996,True,False,2.83,-1.2859999999999996,4.116
175673,10/5/1921,1921,w,SFG,NYY,dougp101,maysc101,47.994,54.749,4.116,2.83,0,3,-3,1.2859999999999996,False,True,2.83,-1.2859999999999996,4.116
175672,10/6/1921,1921,w,NYY,SFG,hoytw101,nehfa101,56.533,54.839,2.83,4.116,3,0,3,-1.2859999999999996,True,False,2.83,-1.2859999999999996,4.116
171946,10/10/1924,1924,w,MIN,SFG,ogdec101,barnv101,52.034,52.939,6.16,4.116,4,3,1,2.0440000000000005,True,False,6.16,2.0440000000000005,4.116
171951,10/5/1924,1924,w,MIN,SFG,zacht101,bentj101,53.185,51.504,6.16,4.116,4,3,1,2.0440000000000005,True,False,6.16,2.0440000000000005,4.116
173188,10/11/1923,1923,w,SFG,NYY,mcquh101,pennh101,51.56,55.489,4.116,2.83,2,4,-2,1.2859999999999996,False,True,2.83,-1.2859999999999996,4.116
173186,10/13/1923,1923,w,SFG,NYY,scotj101,shawb102,52.216,55.539,4.116,2.83,4,8,-4,1.2859999999999996,False,True,2.83,-1.2859999999999996,4.116
124223,10/7/1962,1962,w,NYY,SFG,stafb101,pierb101,52.106,52.207,2.83,4.116,3,2,1,-1.2859999999999996,True,False,2.83,-1.2859999999999996,4.116
124225,10/4/1962,1962,w,SFG,NYY,odelb101,fordw101,53.53,56.008,4.116,2.83,2,6,-4,1.2859999999999996,False,True,2.83,-1.2859999999999996,4.116
173185,10/14/1923,1923,w,NYY,SFG,bushj102,bentj101,53.139,50.075,2.83,4.116,8,1,7,-1.2859999999999996,True,False,2.83,-1.2859999999999996,4.116
173184,10/15/1923,1923,w,SFG,NYY,nehfa101,pennh101,52.748,55.871,4.116,2.83,4,6,-2,1.2859999999999996,False,True,2.83,-1.2859999999999996,4.116
171947,10/9/1924,1924,w,MIN,SFG,zacht101,nehfa101,53.684,54.166,6.16,4.116,2,1,1,2.0440000000000005,True,False,6.16,2.0440000000000005,4.116
171949,10/7/1924,1924,w,SFG,MIN,barnv101,mogrg101,53.734,53.684,4.116,6.16,4,7,-3,-2.0440000000000005,False,True,6.16,2.0440000000000005,4.116
45294,11/3/2001,2001,w,ARI,NYY,johnr005,Andy Pettitte,69.536,54.12,2.22,3.967,15,2,13,-1.7469999999999999,True,False,2.22,-1.7469999999999999,3.967
28065,10/26/2008,2008,w,PHI,TBD,Joe Blanton,sonna001,49.805,51.983,-7.642,3.943,10,2,8,-11.585,True,False,-7.642,-11.585,3.943
3418,10/27/2018,2018,w,LAD,BOS,Rich Hill,Eduardo Rodriguez,54.474,53.638,3.666,0.387,6,9,-3,3.279,False,True,0.387,-3.279,3.666
23143,10/31/2010,2010,w,TEX,SFG,huntt002,Madison Bumgarner,49.982,51.027,3.606,-10.721,0,4,-4,14.327,False,True,-10.721,-14.327,3.606
23144,10/30/2010,2010,w,TEX,SFG,Colby Lewis,Jonathan Sanchez,55.318,54.186,10.923,3.318,4,2,2,7.605,True,False,10.923,7.605,3.318
159581,10/8/1934,1934,w,DET,STL,rowes101,deanp101,59.354,59.125,3.26,7.108,3,4,-1,-3.848,False,True,7.108,3.848,3.26
159580,10/9/1934,1934,w,DET,STL,aukee101,deand102,54.581,64.336,3.26,7.108,0,11,-11,-3.848,False,True,7.108,3.848,3.26
82648,10/10/1984,1984,w,SDP,DET,white001,petrd001,53.46,54.058,12.389,3.26,5,3,2,9.129,True,False,12.389,9.129,3.26
158347,10/6/1935,1935,w,CHC,DET,warnl101,rowes101,60.218,60.882,8.192,3.26,3,1,2,4.932,True,False,8.192,4.932,3.26
159584,10/5/1934,1934,w,STL,DET,deanp101,bridt101,58.381,58.646,7.108,3.26,4,1,3,3.848,True,False,7.108,3.848,3.26
32985,10/24/2006,2006,w,STL,DET,carpc002,roben001,58.223,52.107,7.108,3.26,5,0,5,3.848,True,False,7.108,3.848,3.26
158351,10/2/1935,1935,w,DET,CHC,rowes101,warnl101,60.219,59.158,3.26,8.192,0,3,-3,-4.932,False,True,8.192,4.932,3.26
159586,10/3/1934,1934,w,DET,STL,crowg102,deand102,49.099,64.007,3.26,7.108,3,8,-5,-3.848,False,True,7.108,3.848,3.26
145953,10/3/1945,1945,w,DET,CHC,newhh101,boroh101,64.204,54.995,3.26,8.192,0,9,-9,-4.932,False,True,8.192,4.932,3.26
152154,10/7/1940,1940,w,CIN,DET,waltb102,rowes101,60.028,51.648,6.625,3.26,4,0,4,3.365,True,False,6.625,3.365,3.26
114458,10/6/1968,1968,w,DET,STL,mclad101,gibsb101,58.493,67.392,3.26,7.108,1,10,-9,-3.848,False,True,7.108,3.848,3.26
145951,10/5/1945,1945,w,DET,CHC,overs101,passc101,48.326,59.132,3.26,8.192,0,3,-3,-4.932,False,True,8.192,4.932,3.26
114459,10/5/1968,1968,w,DET,STL,wilse102,washr101,53.068,52.672,3.26,7.108,3,7,-4,-3.848,False,True,7.108,3.848,3.26
114461,10/2/1968,1968,w,STL,DET,gibsb101,mclad101,66.285,59.169,7.108,3.26,4,0,4,3.848,True,False,7.108,3.848,3.26
152153,10/8/1940,1940,w,CIN,DET,derrp101,newsb101,55.898,59.175,6.625,3.26,2,1,1,3.365,True,False,6.625,3.365,3.26
152156,10/5/1940,1940,w,DET,CIN,troud101,derrp101,50.632,55.079,3.26,6.625,2,5,-3,-3.365,False,True,6.625,3.365,3.26
152158,10/3/1940,1940,w,CIN,DET,waltb102,rowes101,59.295,52.984,6.625,3.26,5,3,2,3.365,True,False,6.625,3.365,3.26
145948,10/8/1945,1945,w,CHC,DET,passc101,trucv101,60.431,54.7,8.192,3.26,8,7,1,4.932,True,False,8.192,4.932,3.26
129772,10/5/1958,1958,w,NYY,ATL,fordw101,spahw101,58.047,57.495,2.83,9.185,0,3,-3,-6.355,False,True,9.185,6.355,2.83
173189,10/10/1923,1923,w,NYY,SFG,hoytw101,watsm103,55.676,50.688,2.83,4.116,4,5,-1,-1.2859999999999996,False,True,4.116,1.2859999999999996,2.83
127284,10/10/1960,1960,w,NYY,PIT,ditma101,haddh101,50.972,50.657,2.83,6.884,2,5,-3,-4.054,False,True,6.884,4.054,2.83
173187,10/12/1923,1923,w,NYY,SFG,jones104,nehfa101,53.525,51.462,2.83,4.116,0,1,-1,-1.2859999999999996,False,True,4.116,1.2859999999999996,2.83
174423,10/8/1922,1922,w,SFG,NYY,nehfa101,bushj102,53.718,55.014,4.116,2.83,5,3,2,1.2859999999999996,True,False,4.116,1.2859999999999996,2.83
140963,10/6/1949,1949,w,NYY,LAD,rascv101,roe-p101,52.155,58.179,2.83,11.008,0,1,-1,-8.177999999999999,False,True,11.008,8.177999999999999,2.83
127288,10/5/1960,1960,w,PIT,NYY,law-v101,ditma101,55.125,51.921,6.884,2.83,6,4,2,4.054,True,False,6.884,4.054,2.83
127285,10/9/1960,1960,w,NYY,PIT,terrr101,law-v101,54.351,54.911,2.83,6.884,2,3,-1,-4.054,False,True,6.884,4.054,2.83
143449,10/5/1947,1947,w,NYY,LAD,reyna102,lombv101,51.853,51.585,2.83,11.008,6,8,-2,-8.177999999999999,False,True,11.008,8.177999999999999,2.83
89008,10/25/1981,1981,w,LAD,NYY,reusj001,guidr001,53.711,55.233,11.008,2.83,2,1,1,8.177999999999999,True,False,11.008,8.177999999999999,2.83
143451,10/3/1947,1947,w,LAD,NYY,taylh101,beveb101,50.399,51.216,11.008,2.83,3,2,1,8.177999999999999,True,False,11.008,8.177999999999999,2.83
143452,10/2/1947,1947,w,LAD,NYY,hattj101,newsb101,51.774,51.036,11.008,2.83,9,8,1,8.177999999999999,True,False,11.008,8.177999999999999,2.83
127282,10/13/1960,1960,w,PIT,NYY,law-v101,turlb101,54.9,52.093,6.884,2.83,10,9,1,4.054,True,False,6.884,4.054,2.83
174425,10/6/1922,1922,w,SFG,NYY,scotj101,hoytw101,50.545,53.884,4.116,2.83,3,0,3,1.2859999999999996,True,False,4.116,1.2859999999999996,2.83
125850,10/5/1961,1961,w,NYY,CIN,terrr101,jay-j101,57.175,51.375,2.83,6.625,2,6,-4,-3.795,False,True,6.625,3.795,2.83
89007,10/28/1981,1981,w,NYY,LAD,johnt001,hootb001,53.859,53.762,2.83,11.008,2,9,-7,-8.177999999999999,False,True,11.008,8.177999999999999,2.83
124224,10/5/1962,1962,w,SFG,NYY,sanfj101,terrr101,51.235,56.12,4.116,2.83,2,0,2,1.2859999999999996,True,False,4.116,1.2859999999999996,2.83
124222,10/8/1962,1962,w,NYY,SFG,fordw101,marij101,56.604,51.41,2.83,4.116,3,7,-4,-1.2859999999999996,False,True,4.116,1.2859999999999996,2.83
124220,10/15/1962,1962,w,SFG,NYY,pierb101,fordw101,52.695,56.32,4.116,2.83,5,2,3,1.2859999999999996,True,False,4.116,1.2859999999999996,2.83
169475,10/3/1926,1926,w,NYY,STL,shocu101,alexg102,53.983,56.291,2.83,7.108,2,6,-4,-4.278,False,True,7.108,4.278,2.83
169474,10/5/1926,1926,w,STL,NYY,hainj101,ruetd101,53.425,47.979,7.108,2.83,4,0,4,4.278,True,False,7.108,4.278,2.83
169471,10/9/1926,1926,w,NYY,STL,shawb102,alexg102,51.261,57.747,2.83,7.108,2,10,-8,-4.278,False,True,7.108,4.278,2.83
174424,10/7/1922,1922,w,NYY,SFG,maysc101,mcquh101,53.156,46.539,2.83,4.116,3,4,-1,-1.2859999999999996,False,True,4.116,1.2859999999999996,2.83
175667,10/12/1921,1921,w,SFG,NYY,dougp101,maysc101,50.754,56.495,4.116,2.83,2,1,1,1.2859999999999996,True,False,4.116,1.2859999999999996,2.83
174426,10/5/1922,1922,w,NYY,SFG,shawb102,barnj102,57.356,51.538,2.83,4.116,3,3,0,-1.2859999999999996,False,False,4.116,1.2859999999999996,2.83
174427,10/4/1922,1922,w,SFG,NYY,nehfa101,bushj102,53.211,55.173,4.116,2.83,3,2,1,1.2859999999999996,True,False,4.116,1.2859999999999996,2.83
133501,10/2/1955,1955,w,LAD,NYY,crair101,grimb102,49.743,49.925,11.008,2.83,5,3,2,8.177999999999999,True,False,11.008,8.177999999999999,2.83
133499,10/4/1955,1955,w,NYY,LAD,byrnt101,podrj101,51.163,51.316,2.83,11.008,0,2,-2,-8.177999999999999,False,True,11.008,8.177999999999999,2.83
132259,10/3/1956,1956,w,LAD,NYY,magls101,fordw101,56.253,59.493,11.008,2.83,6,3,3,8.177999999999999,True,False,11.008,8.177999999999999,2.83
135983,10/3/1953,1953,w,LAD,NYY,loesb101,fordw101,47.854,53.239,11.008,2.83,7,3,4,8.177999999999999,True,False,11.008,8.177999999999999,2.83
135984,10/2/1953,1953,w,LAD,NYY,erskc101,rascv101,56.343,57.7,11.008,2.83,3,2,1,8.177999999999999,True,False,11.008,8.177999999999999,2.83
132258,10/5/1956,1956,w,LAD,NYY,newcd101,larsd102,56.272,53.947,11.008,2.83,13,8,5,8.177999999999999,True,False,11.008,8.177999999999999,2.83
132254,10/9/1956,1956,w,LAD,NYY,labic101,turlb101,47.88,48.566,11.008,2.83,1,0,1,8.177999999999999,True,False,11.008,8.177999999999999,2.83
131016,10/3/1957,1957,w,NYY,ATL,shanb102,burdl101,53.631,52.265,2.83,9.185,2,4,-2,-6.355,False,True,9.185,6.355,2.83
131014,10/6/1957,1957,w,ATL,NYY,spahw101,sturt101,57.342,56.653,9.185,2.83,7,5,2,6.355,True,False,9.185,6.355,2.83
137229,10/5/1952,1952,w,NYY,LAD,blace102,erskc101,46.95,51.06,2.83,11.008,5,6,-1,-8.177999999999999,False,True,11.008,8.177999999999999,2.83
131013,10/7/1957,1957,w,ATL,NYY,burdl101,fordw101,52.901,55.556,9.185,2.83,1,0,1,6.355,True,False,9.185,6.355,2.83
137231,10/3/1952,1952,w,NYY,LAD,lopae101,roe-p101,57.889,52.487,2.83,11.008,3,5,-2,-8.177999999999999,False,True,11.008,8.177999999999999,2.83
131011,10/10/1957,1957,w,NYY,ATL,larsd102,burdl101,51.572,54.294,2.83,9.185,0,5,-5,-6.355,False,True,9.185,6.355,2.83
137233,10/1/1952,1952,w,LAD,NYY,blacj103,reyna102,47.549,58.3,11.008,2.83,4,2,2,8.177999999999999,True,False,11.008,8.177999999999999,2.83
138476,10/6/1951,1951,w,SFG,NYY,hearj102,rascv101,52.675,57.052,4.116,2.83,6,2,4,1.2859999999999996,True,False,4.116,1.2859999999999996,2.83
138478,10/4/1951,1951,w,NYY,SFG,reyna102,kosld101,59.736,49.485,2.83,4.116,1,5,-4,-1.2859999999999996,False,True,4.116,1.2859999999999996,2.83
129775,10/1/1958,1958,w,ATL,NYY,spahw101,fordw101,57.447,57.845,9.185,2.83,4,3,1,6.355,True,False,9.185,6.355,2.83
175671,10/7/1921,1921,w,SFG,NYY,tonef101,shawb102,51.291,52.774,4.116,2.83,13,5,8,1.2859999999999996,True,False,4.116,1.2859999999999996,2.83
175670,10/9/1921,1921,w,NYY,SFG,maysc101,dougp101,56.168,49.248,2.83,4.116,2,4,-2,-1.2859999999999996,False,True,4.116,1.2859999999999996,2.83
129774,10/2/1958,1958,w,ATL,NYY,burdl101,turlb101,58.672,53.702,9.185,2.83,13,5,8,6.355,True,False,9.185,6.355,2.83
175668,10/11/1921,1921,w,NYY,SFG,harph101,tonef101,52.351,50.766,2.83,4.116,5,8,-3,-1.2859999999999996,False,True,4.116,1.2859999999999996,2.83
122599,10/2/1963,1963,w,NYY,LAD,fordw101,koufs101,56.71,62.96,2.83,11.008,2,5,-3,-8.177999999999999,False,True,11.008,8.177999999999999,2.83
175666,10/13/1921,1921,w,NYY,SFG,hoytw101,nehfa101,58.487,56.43,2.83,4.116,0,1,-1,-1.2859999999999996,False,True,4.116,1.2859999999999996,2.83
169470,10/10/1926,1926,w,NYY,STL,hoytw101,hainj101,51.748,54.716,2.83,7.108,2,3,-1,-4.278,False,True,7.108,4.278,2.83
133503,9/30/1955,1955,w,LAD,NYY,podrj101,turlb101,50.308,54.918,11.008,2.83,8,3,5,8.177999999999999,True,False,11.008,8.177999999999999,2.83
47759,10/24/2000,2000,w,NYM,NYY,reedr002,herno001,52.566,56.565,7.922,2.83,4,2,2,5.092,True,False,7.922,5.092,2.83
149676,10/4/1942,1942,w,NYY,STL,boroh101,coopm101,52.337,62.656,2.83,7.108,6,9,-3,-4.278,False,True,7.108,4.278,2.83
155859,10/9/1937,1937,w,SFG,NYY,hubbc101,hadlb101,56.936,47.416,4.116,2.83,7,3,4,1.2859999999999996,True,False,4.116,1.2859999999999996,2.83
94670,10/10/1978,1978,w,LAD,NYY,johnt001,figue101,51.466,51.859,11.008,2.83,11,5,6,8.177999999999999,True,False,11.008,8.177999999999999,2.83
150907,10/2/1941,1941,w,NYY,LAD,chans101,wyatw101,54.869,61.121,2.83,11.008,2,3,-1,-8.177999999999999,False,True,11.008,8.177999999999999,2.83
157103,10/5/1936,1936,w,NYY,SFG,ruffr101,schuh103,53.394,50.113,2.83,4.116,4,5,-1,-1.2859999999999996,False,True,4.116,1.2859999999999996,2.83
96782,10/16/1977,1977,w,LAD,NYY,suttd001,gulld101,56.454,54.144,11.008,2.83,10,4,6,8.177999999999999,True,False,11.008,8.177999999999999,2.83
96785,10/12/1977,1977,w,NYY,LAD,huntj101,hootb001,48.244,56.374,2.83,11.008,1,6,-5,-8.177999999999999,False,True,11.008,8.177999999999999,2.83
57442,10/21/1996,1996,w,NYY,ATL,key-j001,maddg002,55.277,63.006,2.83,9.185,0,4,-4,-6.355,False,True,9.185,6.355,2.83
98899,10/21/1976,1976,w,NYY,CIN,figue101,nolag101,51.396,51.604,2.83,6.625,2,7,-5,-3.795,False,True,6.625,3.795,2.83
157107,9/30/1936,1936,w,SFG,NYY,hubbc101,ruffr101,65.383,53.923,4.116,2.83,6,1,5,1.2859999999999996,True,False,4.116,1.2859999999999996,2.83
98900,10/19/1976,1976,w,NYY,CIN,ellid101,zachp001,50.194,51.621,2.83,6.625,2,6,-4,-3.795,False,True,6.625,3.795,2.83
149678,10/1/1942,1942,w,STL,NYY,beazj101,bonht101,53.017,59.205,7.108,2.83,4,3,1,4.278,True,False,7.108,4.278,2.83
120966,10/11/1964,1964,w,NYY,STL,downa101,sader101,52.253,47.643,2.83,7.108,3,4,-1,-4.278,False,True,7.108,4.278,2.83
120965,10/12/1964,1964,w,NYY,STL,stotm101,gibsb101,53.25,57.669,2.83,7.108,2,5,-3,-4.278,False,True,7.108,4.278,2.83
120963,10/15/1964,1964,w,STL,NYY,gibsb101,stotm101,58.585,53.706,7.108,2.83,7,5,2,4.278,True,False,7.108,4.278,2.83
133502,10/1/1955,1955,w,LAD,NYY,erskc101,larsd102,49.292,49.748,11.008,2.83,8,5,3,8.177999999999999,True,False,11.008,8.177999999999999,2.83
149677,10/3/1942,1942,w,NYY,STL,chans101,white103,55.156,52.637,2.83,7.108,0,2,-2,-4.278,False,True,7.108,4.278,2.83
98902,10/16/1976,1976,w,CIN,NYY,gulld101,alexd001,51.621,48.748,6.625,2.83,5,1,4,3.795,True,False,6.625,3.795,2.83
148435,10/6/1943,1943,w,NYY,STL,bonht101,coopm101,57.795,59.083,2.83,7.108,3,4,-1,-4.278,False,True,7.108,4.278,2.83
98901,10/17/1976,1976,w,CIN,NYY,normf101,huntj101,50.487,55.059,6.625,2.83,4,3,1,3.795,True,False,6.625,3.795,2.83
94669,10/11/1978,1978,w,LAD,NYY,hootb001,huntj101,55.885,49.609,11.008,2.83,4,3,1,8.177999999999999,True,False,11.008,8.177999999999999,2.83
149675,10/5/1942,1942,w,NYY,STL,ruffr101,beazj101,55.289,53.397,2.83,7.108,2,4,-2,-4.278,False,True,7.108,4.278,2.83
45299,10/27/2001,2001,w,ARI,NYY,schic002,mussm001,65.948,62.771,2.22,2.83,9,1,8,-0.6099999999999999,True,False,2.22,-0.6099999999999999,2.83
122597,10/5/1963,1963,w,LAD,NYY,drysd101,boutj101,54.536,53.442,11.008,2.83,1,0,1,8.177999999999999,True,False,11.008,8.177999999999999,2.83
89009,10/24/1981,1981,w,LAD,NYY,welcb001,reusr001,49.649,52.918,11.008,2.83,8,7,1,8.177999999999999,True,False,11.008,8.177999999999999,2.83
40366,10/23/2003,2003,w,FLA,NYY,Brad Penny,welld001,49.834,54.226,-10.843,2.83,6,4,2,-13.673,True,False,-10.843,-13.673,2.83
40367,10/22/2003,2003,w,FLA,NYY,pavac001,clemr001,50.233,54.594,6.762,2.83,4,3,1,3.9319999999999995,True,False,6.762,3.9319999999999995,2.83
40370,10/18/2003,2003,w,NYY,FLA,welld001,Brad Penny,54.065,49.829,2.83,-9.814,2,3,-1,12.644,False,True,-9.814,-12.644,2.83
120969,10/7/1964,1964,w,STL,NYY,sader101,fordw101,48.308,57.21,7.108,2.83,9,5,4,4.278,True,False,7.108,4.278,2.83
122598,10/3/1963,1963,w,NYY,LAD,downa101,podrj101,56.889,44.988,2.83,11.008,1,4,-3,-8.177999999999999,False,True,11.008,8.177999999999999,2.83
122596,10/6/1963,1963,w,LAD,NYY,koufs101,fordw101,63.523,55.538,11.008,2.83,2,1,1,8.177999999999999,True,False,11.008,8.177999999999999,2.83
89010,10/23/1981,1981,w,LAD,NYY,valef001,righd001,57.161,57.671,11.008,2.83,5,4,1,8.177999999999999,True,False,11.008,8.177999999999999,2.83
45293,11/4/2001,2001,w,ARI,NYY,schic002,clemr001,66.928,59.013,2.22,2.83,3,2,1,-0.6099999999999999,True,False,2.22,-0.6099999999999999,2.83
30524,10/28/2007,2007,w,COL,BOS,cooka002,Jon Lester,53.109,48.776,2.778,-27.636,3,4,-1,30.413999999999998,False,True,-27.636,-30.413999999999998,2.778
30525,10/27/2007,2007,w,COL,BOS,foggj001,Daisuke Matsuzaka,49.968,52.249,2.778,-10.678,5,10,-5,13.456000000000001,False,True,-10.678,-13.456000000000001,2.778
45295,11/1/2001,2001,w,NYY,ARI,mussm001,batim001,60.549,51.543,2.83,2.22,3,2,1,0.6099999999999999,True,False,2.83,0.6099999999999999,2.22
45296,10/31/2001,2001,w,NYY,ARI,herno001,schic002,51.483,66.542,2.83,2.22,4,3,1,0.6099999999999999,True,False,2.83,0.6099999999999999,2.22
45297,10/30/2001,2001,w,NYY,ARI,clemr001,andeb002,58.138,45.241,2.83,2.22,2,1,1,0.6099999999999999,True,False,2.83,0.6099999999999999,2.22
951,10/30/2019,2019,w,HOU,WSN,Zack Greinke,Max Scherzer,56.921,61.724,0.989,27.776,2,6,-4,-26.787,False,True,27.776,26.787,0.989
30526,10/25/2007,2007,w,BOS,COL,schic002,Ubaldo Jimenez,55.629,53.016,7.251,0.945,2,1,1,6.306,True,False,7.251,6.306,0.945
954,10/26/2019,2019,w,WSN,HOU,Patrick Corbin,Jose Urquidy,56.004,51.251,0.824,-24.893,1,8,-7,25.717000000000002,False,True,-24.893,-25.717000000000002,0.824
25607,10/31/2009,2009,w,PHI,NYY,Cole Hamels,Andy Pettitte,52.713,54.046,0.818,4.338,5,8,-3,-3.52,False,True,4.338,3.52,0.818
5,10/20/2020,2020,w,LAD,TBD,Clayton Kershaw,Tyler Glasnow,56.73,53.858,21.936,0.529,8,3,5,21.407,True,False,21.936,21.407,0.529
35442,10/26/2005,2005,w,HOU,CHW,backb001,Freddy Garcia,49.033,53.754,-0.738,-2.566,0,1,-1,1.8279999999999998,False,True,-2.566,-1.8279999999999998,-0.738
35445,10/22/2005,2005,w,CHW,HOU,contj002,clemr001,57.535,58.644,5.454,-0.738,5,3,2,6.192,True,False,5.454,6.192,-0.738
20676,10/27/2011,2011,w,STL,TEX,Jaime Garcia,Colby Lewis,49.91,52.919,-0.451,-1.269,10,9,1,0.8179999999999998,True,False,-0.451,0.8179999999999998,-1.269
25606,11/1/2009,2009,w,PHI,NYY,Joe Blanton,CC Sabathia,52.135,62.219,-1.405,42.925,4,7,-3,-44.33,False,True,42.925,44.33,-1.405
5884,10/28/2017,2017,w,HOU,LAD,Charlie Morton,Alex Wood,52.359,52.525,-1.435,0.754,2,6,-4,-2.189,False,True,0.754,2.189,-1.435
42836,10/23/2002,2002,w,SFG,ANA,ruetk001,John Lackey,48.762,51.365,4.116,-1.565,4,3,1,5.680999999999999,True,False,4.116,5.680999999999999,-1.565
15742,10/26/2013,2013,w,STL,BOS,Joe Kelly,Jake Peavy,49.227,52.117,-15.129,-1.687,5,4,1,-13.442,True,False,-15.129,-13.442,-1.687
20678,10/23/2011,2011,w,TEX,STL,Derek Holland,Edwin Jackson,50.782,49.576,-9.33,-1.697,4,0,4,-7.633,True,False,-9.33,-7.633,-1.697
1,10/25/2020,2020,w,TBD,LAD,Tyler Glasnow,Clayton Kershaw,52.967,57.215,-1.827,23.114,2,4,-2,-24.941000000000003,False,True,23.114,24.941000000000003,-1.827
134743,9/29/1954,1954,w,SFG,CLE,magls101,lemob101,53.437,56.322,4.116,-2.335,5,2,3,6.451,True,False,4.116,6.451,-2.335
59737,10/28/1995,1995,w,ATL,CLE,glavt001,martd001,58.103,58.111,9.185,-2.335,1,0,1,11.52,True,False,9.185,11.52,-2.335
134742,9/30/1954,1954,w,SFG,CLE,antoj103,wynne101,57.419,59.272,4.116,-2.335,3,1,2,6.451,True,False,4.116,6.451,-2.335
142210,10/6/1948,1948,w,ATL,CLE,sainj101,fellb101,56.792,57.091,9.185,-2.335,1,0,1,11.52,True,False,9.185,11.52,-2.335
134741,10/1/1954,1954,w,CLE,SFG,garcm101,gomer101,56.045,54.595,-2.335,4.116,2,6,-4,-6.451,False,True,4.116,6.451,-2.335
55138,10/26/1997,1997,w,FLA,CLE,leita001,wrigj002,49.67,49.877,6.762,-2.335,3,2,1,9.097,True,False,6.762,9.097,-2.335
142206,10/10/1948,1948,w,CLE,ATL,fellb101,pottn102,57.899,51.451,-2.335,9.185,5,11,-6,-11.52,False,True,9.185,11.52,-2.335
55140,10/23/1997,1997,w,CLE,FLA,herso001,hernl003,52.122,51.414,-2.335,6.762,7,8,-1,-9.097,False,True,6.762,9.097,-2.335
134740,10/2/1954,1954,w,CLE,SFG,lemob101,liddd101,56.182,53.139,-2.335,4.116,4,7,-3,-6.451,False,True,4.116,6.451,-2.335
55144,10/18/1997,1997,w,FLA,CLE,hernl003,herso001,51.829,53.704,6.762,-2.335,7,4,3,9.097,True,False,6.762,9.097,-2.335
55142,10/21/1997,1997,w,CLE,FLA,nagyc001,leita001,52.356,50.814,-2.335,6.762,11,14,-3,-9.097,False,True,6.762,9.097,-2.335
59742,10/21/1995,1995,w,ATL,CLE,maddg002,herso001,69.215,58.384,9.185,-2.335,3,2,1,11.52,True,False,9.185,11.52,-2.335
59741,10/22/1995,1995,w,ATL,CLE,glavt001,martd001,57.984,58.977,9.185,-2.335,4,3,1,11.52,True,False,9.185,11.52,-2.335
176907,10/7/1920,1920,w,LAD,CLE,smits102,caldr101,51.15,49.328,11.008,-2.335,2,1,1,13.343,True,False,11.008,13.343,-2.335
176908,10/6/1920,1920,w,LAD,CLE,grimb101,bagbj101,55.622,55.665,11.008,-2.335,3,0,3,13.343,True,False,11.008,13.343,-2.335
59739,10/25/1995,1995,w,CLE,ATL,hillk001,avers001,51.526,53.889,-2.335,9.185,2,5,-3,-11.52,False,True,9.185,11.52,-2.335
13280,10/25/2014,2014,w,SFG,KCR,Ryan Vogelsong,Jason Vargas,46.188,50.57,-18.198,-2.67,11,4,7,-15.528,True,False,-18.198,-15.528,-2.67
20679,10/22/2011,2011,w,TEX,STL,Matt Harrison,Kyle Lohse,52.314,48.266,-2.688,-8.324,7,16,-9,5.635999999999999,False,True,-8.324,-5.635999999999999,-2.688
18209,10/27/2012,2012,w,DET,SFG,Anibal Sanchez,Ryan Vogelsong,53.731,53.109,-4.709,10.27,0,2,-2,-14.979,False,True,10.27,14.979,-4.709
32987,10/21/2006,2006,w,DET,STL,Justin Verlander,reyea002,51.292,47.512,-5.96,7.108,2,7,-5,-13.068,False,True,7.108,13.068,-5.96
13277,10/29/2014,2014,w,KCR,SFG,Jeremy Guthrie,Tim Hudson,49.831,47.275,-6.195,-12.178,2,3,-1,5.9830000000000005,False,True,-12.178,-5.9830000000000005,-6.195
2,10/24/2020,2020,w,TBD,LAD,Ryan Yarbrough,Julio Urias,52.637,50.974,-3.96,-6.205,8,7,1,2.245,True,False,-3.96,2.245,-6.205
8352,10/29/2016,2016,w,CHC,CLE,John Lackey,Corey Kluber,55.514,62.12,-6.254,38.326,2,7,-5,-44.58,False,True,38.326,44.58,-6.254
20675,10/28/2011,2011,w,STL,TEX,carpc002,Matt Harrison,56.043,51.746,7.108,-6.571,6,2,4,13.678999999999998,True,False,7.108,13.678999999999998,-6.571
20680,10/20/2011,2011,w,STL,TEX,Jaime Garcia,Colby Lewis,48.329,52.113,-6.608,-2.905,1,2,-1,-3.703,False,True,-2.905,3.703,-6.608
3420,10/24/2018,2018,w,BOS,LAD,David Price,Hyun-Jin Ryu,55.36,51.917,9.287,-7.249,4,2,2,16.536,True,False,9.287,16.536,-7.249
955,10/25/2019,2019,w,WSN,HOU,Anibal Sanchez,Zack Greinke,54.036,57.097,-9.054,2.44,1,4,-3,-11.494,False,True,2.44,11.494,-9.054
8350,11/1/2016,2016,w,CLE,CHC,Josh Tomlin,Jake Arrieta,51.985,57.827,-9.65,4.617,3,9,-6,-14.267,False,True,4.617,14.267,-9.65
32983,10/27/2006,2006,w,STL,DET,weavj002,Justin Verlander,47.494,50.625,7.108,-9.781,4,2,2,16.889,True,False,7.108,16.889,-9.781
3419,10/26/2018,2018,w,LAD,BOS,Walker Buehler,Rick Porcello,57.869,51.146,20.863,-11.124,3,2,1,31.987000000000002,True,False,20.863,31.987000000000002,-11.124
37903,10/27/2004,2004,w,STL,BOS,Jason Marquis,lowed001,48.229,48.735,-11.36,7.251,0,3,-3,-18.611,False,True,7.251,18.611,-11.36
15741,10/27/2013,2013,w,STL,BOS,Lance Lynn,Clay Buchholz,50.079,57.215,-11.553,22.442,2,4,-2,-33.995000000000005,False,True,22.442,33.995000000000005,-11.553
10813,10/31/2015,2015,w,NYM,KCR,Steven Matz,Chris Young,49.582,51.324,-12.432,8.197,3,5,-2,-20.628999999999998,False,True,8.197,20.628999999999998,-12.432
13281,10/24/2014,2014,w,SFG,KCR,Tim Hudson,Jeremy Guthrie,47.079,49.71,-13.964,-6.665,2,3,-1,-7.299,False,True,-6.665,7.299,-13.964
8354,10/26/2016,2016,w,CLE,CHC,Trevor Bauer,Jake Arrieta,50.619,57.32,-15.559,2.75,1,5,-4,-18.308999999999997,False,True,2.75,18.308999999999997,-15.559
8351,10/30/2016,2016,w,CHC,CLE,Jon Lester,Trevor Bauer,61.375,50.414,21.518,-17.293,3,2,1,38.811,True,False,21.518,38.811,-17.293
953,10/27/2019,2019,w,WSN,HOU,Joe Ross,Gerrit Cole,49.433,66.891,-29.811,47.888,1,7,-6,-77.699,False,True,47.888,77.699,-29.811
